:100000000C9456290C9487290C9487290C948729E1
:100010000C9487290C9487290C9487290C948729A0
:100020000C9487290C9487290C9487290C94872990
:100030000C9487290C9487290C9487290C94872980
:100040000C9487290C9487290C9487290C94872970
:100050000C9487290C9487290C9487290C94106898
:100060000C9487290C9484680C945A680C94872902
:100070000C9487290C9487290C9487290C94872940
:100080000C9487290C9487290C9487290C94872930
:100090000C9487290C9487290C9487290C94872920
:1000A0000C9487290C9487290C9487290C94872910
:1000B0000C9487290C9487290C9487290C94872900
:1000C0000C9487290C9487290C9487290C948729F0
:1000D0000C9487290C9487290C9487290C948729E0
:1000E0000C94872908000000BE922449123EABAA56
:1000F000AA2ABECDCCCC4C3E00000080BEABAAAA42
:10010000AA3E00000000BF000000803F0000000089
:1001100000084178D3BB4387D1133D190E3CC3BDC2
:100120004282AD2B3E68EC8276BED98FE1A93E4C6F
:1001300080EFFFBE01C4FF7F3F00000000000763A7
:100140004236B79BD8A71A39685618AEBAAB558C49
:100150001D3CB7CC5763BD6DEDFD753EF617723192
:10016000BF000000803F0C9451670C94C7290C9489
:100170001F390C9448400C9499420C94DF290C943C
:10018000D1290C94C9630C9492650C9454670C9417
:10019000852C0C94E9290C94B6290C9469620C9472
:1001A00089650C94B5370C94CD290C94ED290C94E9
:1001B000E9630C94C9610C94BB3D0C94A82C0C947D
:1001C000A9620C94BD660C94C9620C94E9620C940B
:1001D0006E410C946C3B0C94B62C0C94AE290C9490
:1001E000EE2C0C9420660C9486650C94A8290C9433
:1001F00046430C9463340C948C650C944F2C0C94F3
:1002000029640C94BA290C94CB680C94A9630C94BF
:10021000BA660C9409640C943C650C9481610C944E
:10022000BD290C94DB290C94B4660C9423660C94C1
:10023000E8290C946A660C9469630C9489290C94DF
:10024000D9650C9489620C943B2D0C94B7660C9480
:10025000A9610C9449620C9409620C9457670C9440
:10026000387F0C9449430C94B1640C9405650C944C
:100270006C640C94C3660C94D2440C948F650C94FB
:1002800089630C9454400C94E3290C94C3290C9476
:1002900049640C94C0660C9449630C9429620C94D4
:1002A000942C0C948D3E0C9445430C94E9610C9471
:1002B00029630C9483650C940A670C9438400C9461
:1002C000EC3E0C946D660C9409630C94D5290C9447
:1002D0003B350C94B22900407A10F35A00A0724EBC
:1002E00018090010A5D4E80000E87648170000E4DB
:1002F0000B54020000CA9A3B000000E1F505000023
:1003000080969800000040420F000000A086010087
:100310000000102700000000E80300000000640057
:10032000000000000A0000000000010000000000C2
:100330002C76D888DC674F0823DFC1DFAE59E1B1E6
:10034000B796E5E3E453C63AE651997696E8E6C2F5
:100350008426EB898C9B62ED407C6FFCEFBC9C9FFC
:1003600040F2BAA56FA5F490055A2AF75C936B6C1E
:10037000F9676DC11BFCE0E40D47FEF520E6B50012
:10038000D0ED902E0300943577050080841E080080
:1003900000204E0A000000C80C333333330F986E30
:1003A00012831141EF8D2114893BE65516CFFEE6ED
:1003B000DB18D1844B381BF77C1D901DA4BBE424B3
:1003C000203284725E228100C9F124ECA1E53D2730
:1003D00078050A000F00140019001E0023002800F1
:1003E0002D00320037003C00410046004B00500019
:1003F00055005A005F0000001400FFFFFFFFFFFFE1
:10040000FFFFFFFFFFFFFFFFFFFFFFFFFFFFFFFFFC
:10041000FFFFFFFFFFFFFFFFFFFFFFFFFFFF0000EA
:100420001900FFFFFFFFFFFFFFFFFFFFFFFFFFFFC1
:10043000FFFFFFFFFFFFFFFFFFFFFFFFFFFFFFFFCC
:10044000FFFFFFFFFFFF00001E00FFFFFFFFFFFF9A
:10045000FFFFFFFF38049C0414058C05040690067A
:100460003007E407B608BA09180BFFFFFFFF0000CA
:100470002300FFFFFFFFFFFFFFFFFFFFD403380450
:100480009C0414058205FA0590063A07F807E80867
:10049000320AFFFFFFFF00002800FFFFFFFFFFFF02
:1004A000FFFFFFFFCA0324048804F6046405E60581
:1004B0007C060807D007C0080A0AFFFFFFFF0000FC
:1004C0002D00FFFFFFFFFFFFFFFFFFFFC0031A0428
:1004D0007E04E2045005DC057206F406B207B60895
:1004E000F609FFFFFFFF00003200FFFFFFFFFFFFE5
:1004F000FFFFFFFFB60310047404E2045005D205A9
:100500006806E006A807A208EC09FFFFFFFF00004D
:100510003700FFFFFFFFFFFFFFFFFFFFAC031004EB
:100520006A04D8044605C8055406CC069407980802
:10053000D809FFFFFFFF00003C00FFFFFFFFFFFFA8
:10054000FFFFFFFFAC0310046A04CE044605BE059E
:100550004A06AE0676077A08C409FFFFFFFF0000CF
:100560004100FFFFFFFFFFFFFFFFFFFFA203FC03B0
:100570005604BA043C05B40540069A0662076608AC
:100580009C09FFFFFFFF00004600FFFFFFFFFFFF8A
:10059000FFFFFFFF7003D4032E048804F6046E05EA
:1005A000FA059006440720085609FFFFFFFF0000E8
:1005B0004B00FFFFFFFFFFFFFFFFFFFF5203AC03F6
:1005C00006047404C4043C05C80554062607DA076B
:1005D000FC08FFFFFFFF00005000FFFFFFFFFFFFD1
:1005E000FFFFFFFF5203AC0306046A04C404320594
:1005F000BE054006FE06BC07E808FFFFFFFF00003F
:100600005500FFFFFFFFFFFFFFFFFFFFFFFFFFFFA3
:10061000FFFFFFFFFFFFFFFFFFFFFFFFFFFFFFFFEA
:10062000FFFFFFFFFFFF00005A00FFFFFFFFFFFF7C
:10063000FFFFFFFFFFFFFFFFFFFFFFFFFFFFFFFFCA
:10064000FFFFFFFFFFFFFFFFFFFFFFFFFFFF0000B8
:100650005F00FFFFFFFFFFFFFFFFFFFFFFFFFFFF49
:10066000FFFFFFFFFFFFFFFFFFFFFFFFFFFFFFFF9A
:10067000FFFFFFFFFFFF00006400FFFFFFFFFFFF22
:10068000FFFFFFFFFFFFFFFFFFFFFFFFFFFFFFFF7A
:10069000FFFFFFFFFFFFFFFFFFFFFFFFFFFF000068
:1006A00078050A000F00140019001E00230028001E
:1006B0002D00320037003C00410046004B00500046
:1006C00055005A005F0000001400FFFFFFFFFFFF0E
:1006D000FFFFFFFFFFFFFFFFFFFFFFFFFFFFFFFF2A
:1006E000FFFFFFFFFFFFFFFFFFFFFFFFFFFF000018
:1006F0001900FFFFFFFFFFFFFFFFFFFFFFFFFFFFEF
:10070000FFFFFFFFFFFFFFFFFFFFFFFFFFFFFFFFF9
:10071000FFFFFFFFFFFF00001E00FFFFFFFFFFFFC7
:10072000FFFFFFFF6A04B004F6043C059605DC05F4
:100730002C069006FE066C07F807FFFFFFFF00007F
:100740002300FFFFFFFFFFFFFFFFFFFFFC0342044B
:100750008804CE041E056405B40504066806D606A2
:100760005807FFFFFFFF00002800FFFFFFFFFFFF0C
:10077000FFFFFFFFE8032E047404BA040A055005C6
:10078000A005FA055E06CC063A07FFFFFFFF000052
:100790002D00FFFFFFFFFFFFFFFFFFFFDE0324042D
:1007A0006A04B004000546059605E6054006B8064D
:1007B0003007FFFFFFFF00003200FFFFFFFFFFFFDA
:1007C000FFFFFFFFDE0324046A04A60400054605BC
:1007D0009605E6053606A4063007FFFFFFFF00007A
:1007E0003700FFFFFFFFFFFFFFFFFFFFD4031A04E7
:1007F00060049C04EC043C058C05DC052C06A40676
:100800002607FFFFFFFF00003C00FFFFFFFFFFFF89
:10081000FFFFFFFFCA031A0460048804EC043C05D0
:100820008205D2052C0690062607FFFFFFFF000079
:100830004100FFFFFFFFFFFFFFFFFFFFC0031004AA
:1008400056047E04D80432057805BE0522068606C5
:100850001207FFFFFFFF00004600FFFFFFFFFFFF43
:10086000FFFFFFFF9803E8032E046A04B0040005AD
:100870005005BE0504067206FE06FFFFFFFF0000DE
:100880004B00FFFFFFFFFFFFFFFFFFFF7A03C003E7
:10089000FC034C049204D80432057805E60554069E
:1008A000E006FFFFFFFF00005000FFFFFFFFFFFF1C
:1008B000FFFFFFFF7A03B603060442048804D8044E
:1008C00032056E05D2054A06CC06FFFFFFFF000089
:1008D0005500FFFFFFFFFFFFFFFFFFFFFFFFFFFFD1
:1008E000FFFFFFFFFFFFFFFFFFFFFFFFFFFFFFFF18
:1008F000FFFFFFFFFFFF00005A00FFFFFFFFFFFFAA
:10090000FFFFFFFFFFFFFFFFFFFFFFFFFFFFFFFFF7
:10091000FFFFFFFFFFFFFFFFFFFFFFFFFFFF0000E5
:100920005F00FFFFFFFFFFFFFFFFFFFFFFFFFFFF76
:10093000FFFFFFFFFFFFFFFFFFFFFFFFFFFFFFFFC7
:10094000FFFFFFFFFFFF00006400FFFFFFFFFFFF4F
:10095000FFFFFFFFFFFFFFFFFFFFFFFFFFFFFFFFA7
:10096000FFFFFFFFFFFFFFFFFFFFFFFFFFFF000095
:1009700078050A000F00140019001E00230028004B
:100980002D00320037003C00410046004B00500073
:1009900055005A005F0000001400FFFFFFFFFFFF3B
:1009A000FFFFFFFFFFFFFFFFFFFFFFFFFFFFFFFF57
:1009B000FFFFFFFFFFFFFFFFFFFFFFFFFFFF000045
:1009C0001900FFFFFFFFFFFFFFFFFFFFFFFFFFFF1C
:1009D000FFFFFFFFFFFFFFFFFFFFFFFFFFFFFFFF27
:1009E000FFFFFFFFFFFF00001E00FFFFFFFFFFFFF5
:1009F000FFFFFFFFFFFFFFFFFFFFFFFFFFFFFFFF07
:100A0000FFFFFFFFFFFFFFFFFFFFFFFFFFFF0000F4
:100A10002300FFFFFFFFFFFF8403D40310045604ED
:100A20009204CE040A0546058C05C8050E065E062E
:100A3000B8062607FFFF00002800FFFFFFFFFFFFAB
:100A40007A03C003060442047E04BA04F6043205A5
:100A50007805B405FA054A06A4061207FFFF000050
:100A60002D00FFFFFFFFFFFF7003B603F203380402
:100A70007404B004EC0428056405A005E6053606F8
:100A80009006FE06FFFF00003200FFFFFFFFFFFFA2
:100A90006603AC03E803240460049C04D804140532
:100AA00050058C05D20522067C06E006FFFF0000FB
:100AB0003700FFFFFFFFFFFF5C039803DE031A040C
:100AC00056049204C40400053C058205C8050E06C0
:100AD0006806CC06FFFF00003C00FFFFFFFFFFFFA2
:100AE00048038E03D403100442047E04BA04F604BF
:100AF00032056E05B405FA055406B806FFFF00007E
:100B00004100FFFFFFFFFFFF3E038403C003FC0320
:100B100038047404B004E2041E055A05A005F0056B
:100B20004006A406FFFF00004600FFFFFFFFFFFF97
:100B300034037A03B603F2032E046A049C04D80437
:100B4000140550059605DC052C069A06FFFF0000EB
:100B50004B00FFFFFFFFFFFF34037003AC03E8030C
:100B6000240456049204CE0400053C058205C80501
:100B700022068606FFFF00005000FFFFFFFFFFFF79
:100B80002A036603A203DE031A044C048804BA0491
:100B9000F60432057805BE050E067206FFFF00005A
:100BA0005500FFFFFFFFFFFF20035C039803D40302
:100BB000060442047404B004EC0428056405AA0584
:100BC000FA056806FFFF00005A00FFFFFFFFFFFF66
:100BD000160352038E03CA03FC0338046A04A604F6
:100BE000D80414055A05A005F0055406FFFF0000BF
:100BF0005F00FFFFFFFFFFFF0C0348038403C003F8
:100C0000F2032E0460049C04CE040A0550059605E8
:100C1000E6054A06FFFF00006400FFFFFFFFFFFF3D
:100C2000020348037A03B603E8032404560492043B
:100C3000C40400053C058205D2053606FFFF00000E
:100C400078050A000F00140019001E002300280078
:100C50002D00320037003C00410046004B005000A0
:100C600055005A005F0000001400FFFFFFFFFFFF68
:100C7000FFFFFFFFFFFFFFFFFFFFFFFFFFFFFFFF84
:100C8000FFFFFFFFFFFFFFFFFFFFFFFFFFFF000072
:100C90001900FFFFFFFFFFFFFFFFFFFFFFFFFFFF49
:100CA000FFFFFFFFFFFFFFFFFFFFFFFFFFFFFFFF54
:100CB000FFFFFFFFFFFF00001E00FFFFFFFFFFFF22
:100CC000FFFFFFFFFFFFFFFFFFFFFFFFFFFFFFFF34
:100CD000FFFFFFFFFFFFFFFFFFFFFFFFFFFF000022
:100CE0002300FFFFFFFFFFFFB60310046004A6040C
:100CF000F6043C058205D20522067206C2062607C6
:100D000094071608FFFF00002800FFFFFFFFFFFF0A
:100D1000AC03FC034C049204D80428056E05B4050A
:100D200004065406A40608077607F807FFFF00002C
:100D30002D00FFFFFFFFFFFF9803E80338047E0448
:100D4000C4040A055A05A005E60536069006EA061B
:100D50005807DA07FFFF00003200FFFFFFFFFFFF29
:100D60008403D40324046A04B004F6043C058C050F
:100D7000D20522067206CC063A07BC07FFFF000028
:100D80003700FFFFFFFFFFFF7A03CA03100456047A
:100D90009C04E20428056E05BE0504065E06B8063E
:100DA0001C079E07FFFF00003C00FFFFFFFFFFFF47
:100DB0006603B60306044C049204CE0414055A05D7
:100DC000A005F00540069A06FE068007FFFF00001A
:100DD0004100FFFFFFFFFFFF5C03AC03F203380499
:100DE0007E04C404000546058C05DC052C06860639
:100DF000EA066C07FFFF00004600FFFFFFFFFFFF52
:100E000052039803E8032E046A04B004F604320582
:100E10007805C80518067206D6064E07FFFF0000C3
:100E20004B00FFFFFFFFFFFF48038E03D4031A04AC
:100E300060049C04E20428056E05B405040654060B
:100E4000B8063A07FFFF00005000FFFFFFFFFFFF5B
:100E50003E038403CA0310044C049204CE04140518
:100E60005A05A005F0054006A4062607FFFF00006E
:100E70005500FFFFFFFFFFFF2A037A03C003FC03B7
:100E800042047E04C404000546058C05DC052C06DE
:100E900090061207FFFF00005A00FFFFFFFFFFFF51
:100EA00020037003AC03F2032E047404B004F604B0
:100EB00032058205C80522067C06F406FFFF000005
:100EC0005F00FFFFFFFFFFFF16036603A203E803B7
:100ED00024046004A604E20428056E05B4050E0689
:100EE0006806E006FFFF00006400FFFFFFFFFFFF52
:100EF0000C035C039803DE031A0456049204D8041E
:100F000014055A05AA05FA055E06D606FFFF00007D
:100F100078050A000F00140019001E0023002800A5
:100F20002D00320037003C00410046004B005000CD
:100F300055005A005F0000001400FFFFFFFFFFFF95
:100F4000FFFFFFFFFFFFFFFFFFFFFFFFFFFFFFFFB1
:100F5000FFFFFFFFFFFFFFFFFFFFFFFFFFFF00009F
:100F60001900FFFFFFFFFFFFFFFFFFFFFFFFFFFF76
:100F7000FFFFFFFFFFFFFFFFFFFFFFFFFFFFFFFF81
:100F8000FFFFFFFFFFFF00001E00FFFFFFFFFFFF4F
:100F9000FFFFFFFFFFFFFFFFFFFFFFFFFFFFFFFF61
:100FA000FFFFFFFFFFFFFFFFFFFFFFFFFFFF00004F
:100FB0002300FFFFFFFFFFFF3E037A03C003FC0394
:100FC00042047E04C40414056405BE052C06AE0666
:100FD00058075208FFFF00002800FFFFFFFFFFFF38
:100FE00034037003B603F2032E047404BA0400053C
:100FF0005A05B4052206A4064E073E08FFFF00006E
:101000002D00FFFFFFFFFFFF2A037003AC03E8037F
:1010100024046A04B004F6044605A0050E069006F2
:101020003A072A08FFFF00003200FFFFFFFFFFFF23
:1010300020036603A203DE031A046004A604EC0482
:101040003C05960504067C0626071608FFFF0000EF
:101050003700FFFFFFFFFFFF16035C039803D40375
:10106000100456049204E20432058C05F005720661
:1010700012070208FFFF00003C00FFFFFFFFFFFF19
:101080000C0352038E03CA03060442048804CE04F0
:101090001E057805E6055E060807F807FFFF000055
:1010A0004100FFFFFFFFFFFF0C0348038403C00361
:1010B000FC0338047E04C40414056E05D2055406EE
:1010C000F406E407FFFF00004600FFFFFFFFFFFFFD
:1010D00002033E037A03B603F2032E047404BA0437
:1010E00000055A05BE054006E006D007FFFF0000D8
:1010F0004B00FFFFFFFFFFFFF80234037003AC0358
:10110000E80324046004A604F6045005B4052C0684
:10111000CC06BC07FFFF00005000FFFFFFFFFFFFF2
:10112000EE022A036603A203DE031A0456049C049B
:10113000EC043C05A0052206C206A807FFFF00003C
:101140005500FFFFFFFFFFFFE40220035C0398034D
:10115000D40310044C049204D804320596050E06FC
:10116000AE069407FFFF00005A00FFFFFFFFFFFFDE
:10117000DA02160352038E03C003FC0342047E040A
:10118000CE041E058205FA059A068007FFFF0000BF
:101190005F00FFFFFFFFFFFFD0020C034803840343
:1011A000B603F2032E047404C40414057805F00594
:1011B00086066C07FFFF00006400FFFFFFFFFFFFD4
:1011C000D00202033E037003AC03E80324046A0464
:1011D000B00400056405DC0572065807FFFF000037
:1011E000E8030A000F00140019001E002300280065
:1011F0002D00320037003C00410046004B005000FB
:1012000055005A005F0000001400FFFFFFFFFFFFC2
:10121000FFFFFFFFFFFFFFFFFFFFFFFFFFFFFFFFDE
:10122000FFFFFFFFFFFFFFFFFFFFFFFFFFFF0000CC
:101230001900FFFFFFFFFFFFFFFFFFFFFFFFFFFFA3
:10124000FFFFFFFFFFFFFFFFFFFFFFFFFFFFFFFFAE
:10125000FFFFFFFFFFFF00001E00FFFFFFFFFFFF7C
:10126000FFFFFFFF44026C029E02C60202033E0320
:101270008403DE034C04D804A005FFFFFFFF000039
:101280002300FFFFFFFFFFFFFFFFFFFF0802300209
:1012900058028A02BC02EE0234037A03DE036004C1
:1012A0001E05FFFFFFFF00002800FFFFFFFFFFFFFD
:1012B000FFFFFFFFFE0126024E026C029E02DA02D1
:1012C00016036603CA034204F604FFFFFFFF000093
:1012D0002D00FFFFFFFFFFFFFFFFFFFFF4011202E2
:1012E00044026C029E02D00216035C03C003380461
:1012F000EC04FFFFFFFF00003200FFFFFFFFFFFFD6
:10130000FFFFFFFFF4011C023A026C029402C602C6
:101310000C034803AC032E04D804FFFFFFFF0000BA
:101320003700FFFFFFFFFFFFFFFFFFFFEA01120291
:101330003A0262028A02C60202034803AC031A049C
:10134000CE04FFFFFFFF00003C00FFFFFFFFFFFF99
:10135000FFFFFFFFEA011202300262028A02BC02B2
:10136000F8023E03A2032404C404FFFFFFFF0000B1
:101370004100FFFFFFFFFFFFFFFFFFFFD601FE0160
:1013800026024E028002B202EE0234038E030604ED
:10139000B004FFFFFFFF00004600FFFFFFFFFFFF5D
:1013A000FFFFFFFFC201E0010802300258028A027B
:1013B000BC0202035C03D4036A04FFFFFFFF0000CA
:1013C0004B00FFFFFFFFFFFFFFFFFFFFAE01CC0160
:1013D000F40108023A0262029E02E4023403A2030C
:1013E0003804FFFFFFFF00005000FFFFFFFFFFFF7B
:1013F000FFFFFFFFAE01CC01EA01080230026202EA
:101400009E02E402340398033804FFFFFFFF00004C
:101410005500FFFFFFFFFFFFFFFFFFFFFFFFFFFF85
:10142000FFFFFFFFFFFFFFFFFFFFFFFFFFFFFFFFCC
:10143000FFFFFFFFFFFF00005A00FFFFFFFFFFFF5E
:10144000FFFFFFFFFFFFFFFFFFFFFFFFFFFFFFFFAC
:10145000FFFFFFFFFFFFFFFFFFFFFFFFFFFF00009A
:101460005F00FFFFFFFFFFFFFFFFFFFFFFFFFFFF2B
:10147000FFFFFFFFFFFFFFFFFFFFFFFFFFFFFFFF7C
:10148000FFFFFFFFFFFF00006400FFFFFFFFFFFF04
:10149000FFFFFFFFFFFFFFFFFFFFFFFFFFFFFFFF5C
:1014A000FFFFFFFFFFFFFFFFFFFFFFFFFFFF00004A
:1014B000E8030A000F00140019001E002300280092
:1014C0002D00320037003C00410046004B00500028
:1014D00055005A005F00000014007201C201FE01B5
:1014E00030026C029E02C602F8022A035C038403E7
:1014F000B603F20324046A04B0040A05960500004A
:1015000019006801AE01F401260258028A02BC02E9
:10151000E40216033E037003A203D40310044C0438
:101520009204EC04780500001E005E01A401E001B5
:101530001C024E028002A802DA02020334035C039A
:101540008E03C003FC0338047E04D8045A0500004F
:1015500023005E019A01D60112023A026C029E0239
:10156000C602EE02200348037A03AC03DE031A042A
:101570006004BA043C050000280054019A01CC0123
:10158000FE01300262028A02BC02E4020C033E0346
:1015900066039803CA0306044C04A6041E05000053
:1015A0002D004A019001C201F40126025802800276
:1015B000A802D00202032A035C038403C003F203DF
:1015C000380492040A050000320040018601C2017D
:1015D000EA011C02440276029E02C602EE022003C9
:1015E00048037A03AC03E80324047E04F6040000F5
:1015F000370040017C01B801EA0112023A026C0294
:101600009402BC02E4020C033E0366039803D40375
:1016100010046A04E20400003C0036017C01AE01C3
:10162000E0010802300262028A02B202DA02020318
:101630002A035C038E03C00306045604CE04000094
:10164000410036017201A401D601FE0126025802B2
:1016500076029E02C602F802200348037A03B6030C
:10166000F2034204BA04000046002C016801A40100
:10167000CC01F40126024E026C029402BC02E40288
:1016800016033E037003A203DE032E04A60400002B
:101690004B002C0168019A01C201F4011C024402B2
:1016A0006C028A02B202DA02020334036603980370
:1016B000D403240492040000500022015E01900132
:1016C000C201EA0112023A0262028002A802D002BA
:1016D000F8022A0352038403CA0310047E040000A4
:1016E000550022015E019001B801E00108023002BC
:1016F000580276029E02C602EE02160348037A03DF
:10170000B6030604740400005A001801540186014F
:10171000AE01E001FE0126024E0276029402BC02F6
:10172000E4020C033E037003AC03F2036004000008
:101730005F00180154018601AE01D601FE011C02B2
:1017400044026C028A02B202DA0202033403660324
:10175000A203E80356040000640018014A017C015A
:10176000A401CC01F4011C023A0262028A02A8021E
:10177000D002F8022A035C039803DE034C04000045
:1017800084030A000F00140019001E002300280023
:101790002D00320037003C00410046004B00500055
:1017A00055005A005F0000001400FFFFFFFFFFFF1D
:1017B000FFFFFFFFFFFFFFFFFFFFFFFFFFFFFFFF39
:1017C000FFFFFFFFFFFFFFFFFFFFFFFFFFFF000027
:1017D0001900FFFFFFFFFFFFFFFFFFFFFFFFFFFFFE
:1017E000FFFFFFFFFFFFFFFFFFFFFFFFFFFFFFFF09
:1017F000FFFFFFFFFFFF00001E00FFFFFFFFFFFFD7
:10180000FFFFFFFFC201EA010802300258028A020C
:10181000D0020C037003DE038804FFFFFFFF00000B
:101820002300FFFFFFFFFFFFFFFFFFFF9001AE015F
:10183000D601F4011C024E028A02C60216037A0384
:101840001004FFFFFFFF00002800FFFFFFFFFFFF66
:10185000FFFFFFFF8601A401CC01EA01120244024E
:101860006C02A80202036603F203FFFFFFFF000001
:101870002D00FFFFFFFFFFFFFFFFFFFF86019A0123
:10188000C201E001FE01260262029E02EE0248034E
:10189000E803FFFFFFFF00003200FFFFFFFFFFFF35
:1018A000FFFFFFFF8601A401C201E00108023A0226
:1018B0006C02A802F8025C03E803FFFFFFFF0000D0
:1018C0003700FFFFFFFFFFFFFFFFFFFF7C019A01D3
:1018D000B801D601FE01260258029402DA023E0344
:1018E000CA03FFFFFFFF00003C00FFFFFFFFFFFFF9
:1018F000FFFFFFFF7C019A01B801D601FE0126021D
:1019000058029402E4024803DE03FFFFFFFF0000D9
:101910004100FFFFFFFFFFFFFFFFFFFF7201860196
:10192000A401C201EA0112024E028A02D00234036B
:10193000C003FFFFFFFF00004600FFFFFFFFFFFFA8
:10194000FFFFFFFF540172019001AE01D601FE01BD
:10195000260262029E0202038403FFFFFFFF0000D3
:101960004B00FFFFFFFFFFFFFFFFFFFF40015E0196
:101970007C019A01B801E00108023A028002DA0211
:101980005203FFFFFFFF00005000FFFFFFFFFFFFBC
:10199000FFFFFFFF4A015E017C019A01B801E001EF
:1019A00008023A028002D0025203FFFFFFFF00004C
:1019B0005500FFFFFFFFFFFFFFFFFFFFFFFFFFFFE0
:1019C000FFFFFFFFFFFFFFFFFFFFFFFFFFFFFFFF27
:1019D000FFFFFFFFFFFF00005A00FFFFFFFFFFFFB9
:1019E000FFFFFFFFFFFFFFFFFFFFFFFFFFFFFFFF07
:1019F000FFFFFFFFFFFFFFFFFFFFFFFFFFFF0000F5
:101A00005F00FFFFFFFFFFFFFFFFFFFFFFFFFFFF85
:101A1000FFFFFFFFFFFFFFFFFFFFFFFFFFFFFFFFD6
:101A2000FFFFFFFFFFFF00006400FFFFFFFFFFFF5E
:101A3000FFFFFFFFFFFFFFFFFFFFFFFFFFFFFFFFB6
:101A4000FFFFFFFFFFFFFFFFFFFFFFFFFFFF0000A4
:101A5000B0040A000F00140019001E002300280023
:101A60002D00320037003C00410046004B00500082
:101A700055005A005F0000001400FFFFFFFFFFFF4A
:101A8000FFFFFFFFFFFFFFFFFFFFFFFFFFFFFFFF66
:101A9000FFFFFFFFFFFFFFFFFFFFFFFFFFFF000054
:101AA0001900FFFFFFFFFFFFFFFFFFFFFFFFFFFF2B
:101AB000FFFFFFFFFFFFFFFFFFFFFFFFFFFFFFFF36
:101AC000FFFFFFFFFFFF00001E00FFFFFFFFFFFF04
:101AD000FFFFFFFFCA031A046004B00414058C055D
:101AE00004069A06580748089C09FFFFFFFF0000FC
:101AF0002300FFFFFFFFFFFFFFFFFFFF5C038E03DD
:101B0000DE0324047E04E2045A05DC05860662072F
:101B10008E08FFFFFFFF00002800FFFFFFFFFFFF11
:101B2000FFFFFFFF2A037003B603F2034C04A60471
:101B300014059605360608073408FFFFFFFF00006E
:101B40002D00FFFFFFFFFFFFFFFFFFFF0C033E0322
:101B50008403CA031A046A04D8045A05F005C206AD
:101B6000DA07FFFFFFFF00003200FFFFFFFFFFFF6C
:101B7000FFFFFFFF0C0348038403CA031A04740425
:101B8000E2046405FA05CC06E407FFFFFFFF00004E
:101B90003700FFFFFFFFFFFFFFFFFFFFE402160319
:101BA0005C039803E8034204A6041E05BE057C06F8
:101BB0009407FFFFFFFF00003C00FFFFFFFFFFFF58
:101BC000FFFFFFFFE40216035203A203E8034204EF
:101BD000A6041E05B4057C069407FFFFFFFF000066
:101BE0004100FFFFFFFFFFFFFFFFFFFFC602F802FC
:101BF00034037003B60310046A04E2046E052C0675
:101C00004407FFFFFFFF00004600FFFFFFFFFFFF4D
:101C1000FFFFFFFF8A02B202E40220036603B6035D
:101C200010047E040005B405AE06FFFFFFFF0000B0
:101C30004B00FFFFFFFFFFFFFFFFFFFF4E02800291
:101C4000B202E4022A037003C0032404A60446057A
:101C50002C06FFFFFFFF00005000FFFFFFFFFFFF0C
:101C6000FFFFFFFF44027602A802E402200366039E
:101C7000B6031A0492043C052206FFFFFFFF000092
:101C80005500FFFFFFFFFFFFFFFFFFFFFFFFFFFF0D
:101C9000FFFFFFFFFFFFFFFFFFFFFFFFFFFFFFFF54
:101CA000FFFFFFFFFFFF00005A00FFFFFFFFFFFFE6
:101CB000FFFFFFFFFFFFFFFFFFFFFFFFFFFFFFFF34
:101CC000FFFFFFFFFFFFFFFFFFFFFFFFFFFF000022
:101CD0005F00FFFFFFFFFFFFFFFFFFFFFFFFFFFFB3
:101CE000FFFFFFFFFFFFFFFFFFFFFFFFFFFFFFFF04
:101CF000FFFFFFFFFFFF00006400FFFFFFFFFFFF8C
:101D0000FFFFFFFFFFFFFFFFFFFFFFFFFFFFFFFFE3
:101D1000FFFFFFFFFFFFFFFFFFFFFFFFFFFF0000D1
:101D2000E8030A000F00140019001E002300280019
:101D30002D00320037003C00410046004B005000AF
:101D400055005A005F00000014009A01FE0158027D
:101D5000B202020348039803DE032E047404C40491
:101D600014056E05C8053606AE064E073408000099
:101D700019009001F4014E029E02E40234037A033A
:101D8000C00310045604A604F6044605A0050E067A
:101D900086061C07F80700001E007C01E0013A02DD
:101DA0008A02D00216036603AC03F20338047E04F1
:101DB000CE041E057805E6055406EA06C6070000AF
:101DC00023007201D60126027602BC0202034803F8
:101DD0008E03D4031A046004B00400055A05BE053E
:101DE0002C06C2069E07000028006801CC011C02D8
:101DF0006202B202EE0234037A03C003FC034C0415
:101E00009204E2043C0596050E069A066C07000053
:101E10002D005E01C201120258029E02E40220035C
:101E20006603A203E8032E047404C4041E057805A7
:101E3000E60572064407000032005E01AE01FE01B5
:101E400044028A02D0020C0352038E03D4031A0404
:101E50006004A60400055A05C80554061C070000C6
:101E600037005401A401F4013A028002BC020203CB
:101E70003E037A03C003FC0342049204E2043C05DF
:101E8000AA053606FE0600003C004A01A401EA014C
:101E900030026C02B202EE022A036603AC03E803CE
:101EA0002E047E04CE0428058C051806D6060000F4
:101EB000410040019A01E001260262029E02DA021C
:101EC00016035C039803D4031A046004B0040A05E3
:101ED0007805FA05B8060000460040019001D601D9
:101EE0001C0258029402D0020C0348038403C0036E
:101EF00006044C049C04F6045A05DC059A0600000E
:101F00004B0036018601CC0112024E028A02C60243
:101F1000F80234037003B603F20338048804D804CB
:101F20004605BE057C06000050002C017C01C20164
:101F3000080244028002B202EE022A036603A203F0
:101F4000DE0324047404C4042805AA0568060000FE
:101F500055002C017C01B801FE013A026C02A80276
:101F6000E402160352038E03D40310046004B00489
:101F7000140596054A0600005A0022017201B801B4
:101F8000F401300262029E02D0020C034803840373
:101F9000C00306044C049C04000578052C060000D0
:101FA0005F0022016801AE01EA0126025802940294
:101FB000C602020334037003B603F2033804880434
:101FC000EC04640518060000640018016801A4010F
:101FD000E0011C024E028A02BC02F8022A036603D8
:101FE000A203E8032E047E04D80450050406000072
:101FF00014050A000F00140019001E002300280019
:102000002D00320037003C00410046004B005000DC
:1020100055005A005F0000001400FFFFFFFFFFFFA4
:10202000FFFFFFFFFFFFFFFFFFFFFFFFFFFFFFFFC0
:10203000FFFFFFFFFFFFFFFFFFFFFFFFFFFF0000AE
:102040001900FFFFFFFFFFFFFFFFFFFFFFFFFFFF85
:10205000FFFFFFFFFFFFFFFFFFFFFFFFFFFFFFFF90
:10206000FFFFFFFFFFFF00001E00FFFFFFFFFFFF5E
:10207000FFFFFFFFFFFFFFFFFFFFFFFFFFFFFFFF70
:10208000FFFFFFFFFFFFFFFFFFFFFFFFFFFF00005E
:102090002300FFFFFFFFFFFF4E028A02C6020C0370
:1020A0005C03AC0306047E040005A0056806760701
:1020B000F2084A0BFFFF00002800FFFFFFFFFFFFB1
:1020C00044028002C60202035203A203FC036A0414
:1020D000EC048C0554066207DE08360BFFFF000097
:1020E0002D00FFFFFFFFFFFF44028002BC0202033E
:1020F00048039803F2036004E20482054A064E078F
:10210000CA08180BFFFF00003200FFFFFFFFFFFFB0
:102110003A027602B202F8023E038E03E803560446
:10212000D804780540064407B608040BFFFF0000FA
:102130003700FFFFFFFFFFFF3A026C02A802EE022A
:1021400034038403E8034C04CE0464052C063007F2
:10215000A208F00AFFFF00003C00FFFFFFFFFFFFA7
:1021600030026C02A802E4022A037A03DE0342046E
:10217000C4045A05220626078E08DC0AFFFF000069
:102180004100FFFFFFFFFFFF300262029E02E402F8
:102190002A037A03D4033804BA0450050E06120742
:1021A0007A08C80AFFFF00004600FFFFFFFFFFFF9D
:1021B000260262029402DA0220037003CA032E048C
:1021C000A60446050406FE067008AA0AFFFF0000E2
:1021D0004B00FFFFFFFFFFFF1C0258029402D002DA
:1021E00016036603C00324049C043205F005F406BC
:1021F0005C08960AFFFF00005000FFFFFFFFFFFF93
:102200001C024E028A02C6020C035C03B6031A04C7
:1022100092042805E605E0064808820AFFFF000050
:102220005500FFFFFFFFFFFF12024E028002C602B1
:1022300002035203AC03100488041E05DC05D60615
:1022400034086E0AFFFF00005A00FFFFFFFFFFFF88
:10225000120244028002BC0202034803A2030604E5
:102260007E041405C805C20620085A0AFFFF0000B4
:102270005F00FFFFFFFFFFFF08023A027602B20293
:10228000F8023E039803FC0374040005BE05AE0685
:102290001608460AFFFF00006400FFFFFFFFFFFF74
:1022A00008023A026C02B202EE023E038E03F2030F
:1022B0006A04F604AA05A4060208320AFFFF000019
:1022C00078050A000F00140019001E0023002800E2
:1022D0002D00320037003C00410046004B0050000A
:1022E00055005A005F0000001400FFFFFFFFFFFFD2
:1022F000FFFFFFFFFFFFFFFFFFFFFFFFFFFFFFFFEE
:10230000FFFFFFFFFFFFFFFFFFFFFFFFFFFF0000DB
:102310001900FFFFFFFFFFFFFFFFFFFFFFFFFFFFB2
:10232000FFFFFFFFFFFFFFFFFFFFFFFFFFFFFFFFBD
:10233000FFFFFFFFFFFF00001E00FFFFFFFFFFFF8B
:10234000FFFFFFFFFFFFFFFFFFFFFFFFFFFFFFFF9D
:10235000FFFFFFFFFFFFFFFFFFFFFFFFFFFF00008B
:102360002300FFFFFFFFFFFF7E04BA04F6043205DF
:102370006405A005DC0518065E06A406F4065807E9
:10238000C6075C08FFFF00002800FFFFFFFFFFFFFC
:102390006A04A604E2041E0550058C05C80504065F
:1023A0004A069006E0064407B2074808FFFF00000F
:1023B0002D00FFFFFFFFFFFF56049204CE040A0525
:1023C0003C057805B405FA0536067C06D6063007C6
:1023D000A8073E08FFFF00003200FFFFFFFFFFFFDE
:1023E00042047E04BA04F60432056405A005E6053D
:1023F00022067206C2061C0794072A08FFFF000087
:102400003700FFFFFFFFFFFF2E046A04A604E2046B
:102410001E055A059605D20518065E06AE06120779
:1024200080072008FFFF00003C00FFFFFFFFFFFFC9
:102430001A0460049204CE040A0546058205BE050E
:1024400004064A06A406FE0676070C08FFFF0000F5
:102450004100FFFFFFFFFFFF10044C048804C40489
:10246000F60432056E05B405F00540069006F40644
:1024700062070208FFFF00004600FFFFFFFFFFFFAB
:10248000FC0338047404B004EC0428056405A005BA
:10249000E6052C068606E0065807EE07FFFF00005B
:1024A0004B00FFFFFFFFFFFFE803240460049C04D0
:1024B000D804140550059605D20522067206D606E4
:1024C0004E07E407FFFF00005000FFFFFFFFFFFF84
:1024D000DE031A0456049204CE040A05460582055A
:1024E000C80518066806CC063A07DA07FFFF0000A1
:1024F0005500FFFFFFFFFFFFCA03060442047E04EE
:10250000BA04F60432057805BE0504065E06B80670
:102510003007D007FFFF00005A00FFFFFFFFFFFF5B
:10252000C003FC0338047404B004EC0428056405FB
:10253000AA05FA054A06AE062607BC07FFFF0000FB
:102540005F00FFFFFFFFFFFFAC03E803240460040C
:102550009C04D8041E055A05A005F0054006A406F3
:102560001C07B207FFFF00006400FFFFFFFFFFFF33
:10257000A203DE031A0456049204CE040A05500591
:102580009605DC0536069A060807A807FFFF000037
:1025900078050A000F00140019001E00230028000F
:1025A0002D00320037003C00410046004B00500037
:1025B00055005A005F0000001400FFFFFFFFFFFFFF
:1025C000FFFFFFFFFFFFFFFFFFFFFFFFFFFFFFFF1B
:1025D000FFFFFFFFFFFFFFFFFFFFFFFFFFFF000009
:1025E0001900FFFFFFFFFFFFFFFFFFFFFFFFFFFFE0
:1025F000FFFFFFFFFFFFFFFFFFFFFFFFFFFFFFFFEB
:10260000FFFFFFFFFFFF00001E00FFFFFFFFFFFFB8
:10261000FFFFFFFFFFFFFFFFFFFFFFFFFFFFFFFFCA
:10262000FFFFFFFFFFFFFFFFFFFFFFFFFFFF0000B8
:102630002300FFFFFFFFFFFF9803F2034204920411
:10264000E20432058205D20522067C06E006440734
:10265000BC075208FFFF00002800FFFFFFFFFFFF3D
:102660008403DE032E047E04CE0414056405B40541
:1026700004065E06B8061C0794072A08FFFF000040
:102680002D00FFFFFFFFFFFF7003CA031A04600461
:10269000B004000546059605E60536069A06FE06D0
:1026A0006C070208FFFF00003200FFFFFFFFFFFF83
:1026B0005C03B60306044C049C04E204320578056E
:1026C000C80522067C06D6064E07DA07FFFF000083
:1026D0003700FFFFFFFFFFFF5203A203F20338049E
:1026E0007E04CE0414056405AA0504065E06B80639
:1026F0003007BC07FFFF00003C00FFFFFFFFFFFFAC
:102700003E038E03DE0324046A04BA040005460572
:102710009605E60540069A0612079E07FFFF000091
:102720004100FFFFFFFFFFFF34037A03CA031004D9
:102730005604A604EC0432058205D205220686065C
:10274000F4068007FFFF00004600FFFFFFFFFFFFCA
:1027500020037003B60306044C049204D8041E053B
:102760006405B4050E066806D6066207FFFF000082
:102770004B00FFFFFFFFFFFF16036603AC03F203EE
:1027800038047E04C4040A055005A005F00554066B
:10279000B8064407FFFF00005000FFFFFFFFFFFFE8
:1027A0000C0352039803DE0324046A04B004F60405
:1027B0003C058C05DC053606A4062607FFFF000055
:1027C0005500FFFFFFFFFFFFF80248038E03D4030D
:1027D0001A0456049C04E20428057805C80522065C
:1027E00090061207FFFF00005A00FFFFFFFFFFFFE8
:1027F000EE023E038403C00306044C048804CE04A6
:1028000014056405B4050E067206F406FFFF000009
:102810005F00FFFFFFFFFFFFE4022A037003B60320
:10282000FC0338047E04C4040A055005A005FA051B
:102830005E06E006FFFF00006400FFFFFFFFFFFFF2
:10284000DA0220036603AC03E8032E046A04B00432
:10285000F6043C058C05E6054A06CC06FFFF0000A1
:1028600078050A000F00140019001E00230028003C
:102870002D00320037003C00410046004B00500064
:1028800055005A005F0000001400FFFFFFFFFFFF2C
:10289000FFFFFFFFFFFFFFFFFFFFFFFFFFFFFFFF48
:1028A000FFFFFFFFFFFFFFFFFFFFFFFFFFFF000036
:1028B0001900FFFFFFFFFFFFFFFFFFFFFFFFFFFF0D
:1028C000FFFFFFFFFFFFFFFFFFFFFFFFFFFFFFFF18
:1028D000FFFFFFFFFFFF00001E00FFFFFFFFFFFFE6
:1028E000FFFFFFFFD4034C04BA043205AA052206F9
:1028F000AE064407E40798086009FFFFFFFF0000E9
:102900002300FFFFFFFFFFFFFFFFFFFF8403E8033C
:102910005604C4043205AA051806A4063A07DA07C5
:102920009808FFFFFFFF00002800FFFFFFFFFFFFE9
:10293000FFFFFFFF7A03DE034204A60414058205AD
:10294000FA0590060807BC078408FFFFFFFF000098
:102950002D00FFFFFFFFFFFFFFFFFFFF7003D4030A
:102960003804920400056E05E6058606FE06B207E9
:102970007A08FFFFFFFF00003200FFFFFFFFFFFFAD
:10298000FFFFFFFF6603CA032E049204F6046405EA
:10299000DC057C06F406A8077008FFFFFFFF0000B7
:1029A0003700FFFFFFFFFFFFFFFFFFFF5C03CA03CE
:1029B0002E048804EC045A05D2057206EA069E0726
:1029C0005208FFFFFFFF00003C00FFFFFFFFFFFF7B
:1029D000FFFFFFFF5203C00324048804E2045005F4
:1029E000C8056806D6069E073E08FFFFFFFF0000E9
:1029F0004100FFFFFFFFFFFFFFFFFFFF4803AC03A6
:102A000010047E04D8044605BE055E06C20694077F
:102A10002008FFFFFFFF00004600FFFFFFFFFFFF52
:102A2000FFFFFFFF34039803FC035604C404320580
:102A3000AA051806A4064407F807FFFFFFFF0000D9
:102A40004B00FFFFFFFFFFFFFFFFFFFF20037A03A5
:102A5000DE0342049C040A057805F0057C06120793
:102A6000C607FFFFFFFF00005000FFFFFFFFFFFF53
:102A7000FFFFFFFF16037A03CA0338049204000520
:102A80006405DC056806F406A807FFFFFFFF0000E9
:102A90005500FFFFFFFFFFFFFFFFFFFFFFFFFFFFEF
:102AA000FFFFFFFFFFFFFFFFFFFFFFFFFFFFFFFF36
:102AB000FFFFFFFFFFFF00005A00FFFFFFFFFFFFC8
:102AC000FFFFFFFFFFFFFFFFFFFFFFFFFFFFFFFF16
:102AD000FFFFFFFFFFFFFFFFFFFFFFFFFFFF000004
:102AE0005F00FFFFFFFFFFFFFFFFFFFFFFFFFFFF95
:102AF000FFFFFFFFFFFFFFFFFFFFFFFFFFFFFFFFE6
:102B0000FFFFFFFFFFFF00006400FFFFFFFFFFFF6D
:102B1000FFFFFFFFFFFFFFFFFFFFFFFFFFFFFFFFC5
:102B2000FFFFFFFFFFFFFFFFFFFFFFFFFFFF0000B3
:102B3000B0040A000F00140019001E002300280032
:102B40002D00320037003C00410046004B00500091
:102B500055005A005F00000014005802C6022A0304
:102B60008403CA031A046004A604F6043C05820523
:102B7000D20522067C06E0065807EE07CA080000C8
:102B800019003A029E02F80248039803DE03240467
:102B90006004A604EC0432057805C80522067C060C
:102BA000EA067607480800001E001C028002D002D8
:102BB00020036603AC03E8032E046A04A604EC04B5
:102BC00032058205D2052C0690061207DA070000AE
:102BD0002300FE016202B202F8023E037A03C00340
:102BE000FC0338047404B004F6043C058C05DC05D1
:102BF0004006C206800700002800EA014402940251
:102C0000DA0220035C039803D40306044204880418
:102C1000C4040A055005A00504067C063007000020
:102C20002D00D60130028002BC0202033E03700375
:102C3000AC03E8031A0456049204D8041E056E057A
:102C4000C8054006F40600003200CC011C026C02EC
:102C5000A802E402200352038E03C003FC033804DD
:102C60006A04B004F6043C0596050E06B80600009A
:102C70003700B801120258029402D00202033E0348
:102C80007003A203DE0310044C048804CE04140570
:102C90006E05DC057C0600003C00AE01FE0144022E
:102CA0008002BC02EE02200352038E03C003F20333
:102CB0002E046A04A604EC044605AA054A06000090
:102CC0004100A401F40130026C02A802DA020C03F4
:102CD0003E037003A203D40310044C048804CE0402
:102CE0001E058C052206000046009A01EA01260214
:102CF00062029402C602F8022A035C038E03C00338
:102D0000F2032E046A04B00400056405FA0500000D
:102D10004B009001D6011C024E028A02BC02E40262
:102D2000160348037A03AC03DE0310044C04920438
:102D3000E2044605D205000050008601CC010802DD
:102D400044027602A802DA020203340366039803FF
:102D5000CA03FC0338047404C4042805B405000045
:102D600055007C01C201FE013A026C029E02C602BD
:102D7000F802200352038403B603E803240460042A
:102D8000A6040A05960500005A007201B801F40174
:102D9000300262028A02BC02E40216033E037003A0
:102DA000A203D40306044C049204EC04780500004A
:102DB0005F007201B801EA0126024E028002A802F9
:102DC000DA02020334035C038E03C003FC033804FD
:102DD0007E04D8046405000064006801AE01EA01C5
:102DE0001C02440276029E02D002F8022003520323
:102DF0007A03AC03E80324046A04C4044605000013
:102E0000E8030A000F00140019001E002300280028
:102E10002D00320037003C00410046004B005000BE
:102E200055005A005F0000001400F00040018601C8
:102E3000D6011C026202B202F80248039803F203B0
:102E40005604BA043205BE0572064E07B6080000E5
:102E50001900E60036017C01C20108024E0294020C
:102E6000DA022A037A03CA032404920400058C05BB
:102E70002C0608075C0800001E00DC002201680127
:102E8000AE01F4013A027602BC020C035203AC0319
:102E9000FC036004CE045005F005C2060C080000D7
:102EA0002300D20018015E01A401E0011C026202AD
:102EB000A802EE0234038403DE033804A6041E05D0
:102EC000BE058606C60700002800D2000E01540188
:102ED0009001CC0112024E028A02D0021603660350
:102EE000B60310047E04F6048C054A068007000031
:102EF0002D00C8000E014A018601C201FE013A02FE
:102F00007602BC02020348039803F2035604CE047F
:102F10005A051806440700003200BE0004014001B3
:102F20007C01B801EA0126026202A802EE02340323
:102F30007A03D4033804A6043205E6050807000026
:102F40003700BE00FA0036017201A401E0011C0244
:102F500058029402D00216036603B60310047E04DE
:102F60000A05BE05D60600003C00B400F0002C01A6
:102F700068019A01D601080244028002BC020203E1
:102F800048039803FC036004E2048C05A4060000D7
:102F90004100B400F00022015E019001C201FE0177
:102FA00030026C02A802EE0234038403DE03420402
:102FB000C4046E05720600004600AA00E60018016F
:102FC00054018601B801EA01260262029E02DA0279
:102FD00020037003C0032404A60446054A0600002B
:102FE0004B00AA00DC0018014A017C01AE01E0019F
:102FF0001C024E028A02C6020C035203AC031004E8
:1030000088042805220600005000A000DC000E0104
:1030100040017201A401D601080244027602B20204
:10302000F8023E039803F2036A040005FA05000063
:103030005500A000D2000401360168019A01CC01BC
:10304000FE0130026C02A802E4022A037A03DE03C6
:103050004C04E204DC0500005A00A000D200040188
:1030600036015E019001C201F40126025802940269
:10307000DA0220036603CA033804CE04B405000054
:103080005F009600C800FA002C015E018601B801BD
:10309000EA011C024E028A02C6020C035203AC0370
:1030A0001A04B0049605000064009600C800FA00F7
:1030B000220154017C01AE01E001120244027602B9
:1030C000BC02F80248039803060492047805000045
:1030D00078050A000F00140019001E0023002800C4
:1030E0002D00320037003C00410046004B005000EC
:1030F00055005A005F0000001400FFFFFFFFFFFFB4
:10310000FFFFFFFFFFFFFFFFFFFFFFFFFFFFFFFFCF
:10311000FFFFFFFFFFFFFFFFFFFFFFFFFFFF0000BD
:103120001900FFFFFFFFFFFFFFFFFFFFFFFFFFFF94
:10313000FFFFFFFFFFFFFFFFFFFFFFFFFFFFFFFF9F
:10314000FFFFFFFFFFFF00001E00FFFFFFFFFFFF6D
:10315000FFFFFFFF38046A049C04E20414055005D5
:103160009605D20518067C06E006FFFFFFFF00006B
:103170002300FFFFFFFFFFFFFFFFFFFFC003F2037E
:103180002E0460049204CE040A0546059605DC056B
:103190004A06FFFFFFFF00002800FFFFFFFFFFFFC1
:1031A000FFFFFFFFAC03DE03060438047404A6042B
:1031B000E20428056E05C8052C06FFFFFFFF00008E
:1031C0002D00FFFFFFFFFFFFFFFFFFFF8E03CA037E
:1031D000FC032E046A049C04D80414056405BE058F
:1031E0000E06FFFFFFFF00003200FFFFFFFFFFFFA3
:1031F000FFFFFFFF8403B603E80324045604920490
:10320000CE040A055A05B4050406FFFFFFFF0000BF
:103210003700FFFFFFFFFFFFFFFFFFFF7A03AC0355
:10322000DE031A044C048804C40400055005AA05F2
:10323000FA05FFFFFFFF00003C00FFFFFFFFFFFF5D
:10324000FFFFFFFF7003A203D403100442047E04B7
:10325000BA0400054605A005F005FFFFFFFF0000CA
:103260004100FFFFFFFFFFFFFFFFFFFF5C0398032D
:10327000CA03FC0338047404B004F6043C05960544
:10328000DC05FFFFFFFF00004600FFFFFFFFFFFF21
:10329000FFFFFFFF2A035C038E03CA03FC0338040D
:1032A0006A04B00400055A05C805FFFFFFFF0000CF
:1032B0004B00FFFFFFFFFFFFFFFFFFFF0203340391
:1032C00066039803D403100456049204D80432050C
:1032D0009605FFFFFFFF00005000FFFFFFFFFFFF0D
:1032E000FFFFFFFFF802340366038E03CA030604E0
:1032F00042047E04CE041E058205FFFFFFFF00008E
:103300005500FFFFFFFFFFFFFFFFFFFFFFFFFFFF76
:10331000FFFFFFFFFFFFFFFFFFFFFFFFFFFFFFFFBD
:10332000FFFFFFFFFFFF00005A00FFFFFFFFFFFF4F
:10333000FFFFFFFFFFFFFFFFFFFFFFFFFFFFFFFF9D
:10334000FFFFFFFFFFFFFFFFFFFFFFFFFFFF00008B
:103350005F00FFFFFFFFFFFFFFFFFFFFFFFFFFFF1C
:10336000FFFFFFFFFFFFFFFFFFFFFFFFFFFFFFFF6D
:10337000FFFFFFFFFFFF00006400FFFFFFFFFFFFF5
:10338000FFFFFFFFFFFFFFFFFFFFFFFFFFFFFFFF4D
:10339000FFFFFFFFFFFFFFFFFFFFFFFFFFFF00003B
:1033A00078050A000F00140019001E0023002800F1
:1033B0002D00320037003C00410046004B00500019
:1033C00055005A005F0000001400FFFFFFFFFFFFE1
:1033D000FFFFFFFFFFFFFFFFFFFFFFFFFFFFFFFFFD
:1033E000FFFFFFFFFFFFFFFFFFFFFFFFFFFF0000EB
:1033F0001900FFFFFFFFFFFFFFFFFFFFFFFFFFFFC2
:10340000FFFFFFFFFFFFFFFFFFFFFFFFFFFFFFFFCC
:10341000FFFFFFFFFFFF00001E00FFFFFFFFFFFF9A
:10342000FFFFFFFFAC03E803240460049C04F604E0
:103430004605B4052C06CC06A807FFFFFFFF0000D9
:103440002300FFFFFFFFFFFFFFFFFFFF66038E0369
:10345000C003FC0338048804D8043205AA053606E4
:103460000807FFFFFFFF00002800FFFFFFFFFFFF2F
:10347000FFFFFFFF52038403B603F2032404740426
:10348000BA041E0582052206EA06FFFFFFFF0000C0
:103490002D00FFFFFFFFFFFFFFFFFFFF48037A0341
:1034A000AC03E8031A046A04B0040A056E051806A2
:1034B000E006FFFFFFFF00003200FFFFFFFFFFFFFE
:1034C000FFFFFFFF48037003AC03DE031A046A0426
:1034D000A6040A056E050E06D606FFFFFFFF0000D4
:1034E0003700FFFFFFFFFFFFFFFFFFFF3E03660305
:1034F000A203D40310046004A604000564050406B6
:10350000CC06FFFFFFFF00003C00FFFFFFFFFFFFB7
:10351000FFFFFFFF3E0370039803D403100456041B
:103520009C0400055005FA05B806FFFFFFFF0000E8
:103530004100FFFFFFFFFFFFFFFFFFFF3E035C03B4
:103540008E03CA0306044C049C04F6043205F005FD
:10355000AE06FFFFFFFF00004600FFFFFFFFFFFF7B
:10356000FFFFFFFF0C033E037003A203DE031A04F8
:103570006004BA042805B4056806FFFFFFFF0000D9
:103580004B00FFFFFFFFFFFFFFFFFFFFF8022003DD
:1035900048037A03B603FC0342049204F60496053A
:1035A0003606FFFFFFFF00005000FFFFFFFFFFFF99
:1035B000FFFFFFFFEE02160348037A03B603F20390
:1035C00038049204F60482052206FFFFFFFF000084
:1035D0005500FFFFFFFFFFFFFFFFFFFFFFFFFFFFA4
:1035E000FFFFFFFFFFFFFFFFFFFFFFFFFFFFFFFFEB
:1035F000FFFFFFFFFFFF00005A00FFFFFFFFFFFF7D
:10360000FFFFFFFFFFFFFFFFFFFFFFFFFFFFFFFFCA
:10361000FFFFFFFFFFFFFFFFFFFFFFFFFFFF0000B8
:103620005F00FFFFFFFFFFFFFFFFFFFFFFFFFFFF49
:10363000FFFFFFFFFFFFFFFFFFFFFFFFFFFFFFFF9A
:10364000FFFFFFFFFFFF00006400FFFFFFFFFFFF22
:10365000FFFFFFFFFFFFFFFFFFFFFFFFFFFFFFFF7A
:10366000FFFFFFFFFFFFFFFFFFFFFFFFFFFF000068
:1036700078050A000F00140019001E00230028001E
:103680002D00320037003C00410046004B00500046
:1036900055005A005F0000001400FFFFFFFFFFFF0E
:1036A000FFFFFFFFFFFFFFFFFFFFFFFFFFFFFFFF2A
:1036B000FFFFFFFFFFFFFFFFFFFFFFFFFFFF000018
:1036C0001900FFFFFFFFFFFFFFFFFFFFFFFFFFFFEF
:1036D000FFFFFFFFFFFFFFFFFFFFFFFFFFFFFFFFFA
:1036E000FFFFFFFFFFFF00001E00FFFFFFFFFFFFC8
:1036F000FFFFFFFFD40342049C0414058C0504065D
:103700009A0644070C080609500AFFFFFFFF000055
:103710002300FFFFFFFFFFFFFFFFFFFF7A03D4033C
:1037200038049C040A0582050406A40658073E08CE
:103730006A09FFFFFFFF00002800FFFFFFFFFFFFF8
:10374000FFFFFFFF7003CA031A047E04EC04640544
:10375000DC057C0626070C083809FFFFFFFF000088
:103760002D00FFFFFFFFFFFFFFFFFFFF6603C0030A
:103770001A047E04E2045A05DC0572061207F807F3
:103780002409FFFFFFFF00003200FFFFFFFFFFFFE4
:10379000FFFFFFFF5203B60310046A04D804460576
:1037A000C8055E060807EE071A09FFFFFFFF0000C5
:1037B0003700FFFFFFFFFFFFFFFFFFFF5203AC03D8
:1037C00006046A04CE044605BE055406FE06E40758
:1037D0001009FFFFFFFF00003C00FFFFFFFFFFFF9E
:1037E000FFFFFFFF4803A203FC036004C4043C0581
:1037F000AA054006F406DA07FC08FFFFFFFF0000F9
:103800004100FFFFFFFFFFFFFFFFFFFF480398039B
:10381000F2034C04BA042805A0053606EA06C607DA
:10382000E808FFFFFFFF00004600FFFFFFFFFFFF6C
:10383000FFFFFFFF16036603B6031A047404E204D5
:103840005A05E605860662077008FFFFFFFF0000C5
:103850004B00FFFFFFFFFFFFFFFFFFFFEE023E03F6
:103860008E03E8034204A6041E05AA0554061207A7
:103870002008FFFFFFFF00005000FFFFFFFFFFFFDA
:10388000FFFFFFFFE40234038403DE0342049C04D1
:103890000A0596054006FE060C08FFFFFFFF000024
:1038A0005500FFFFFFFFFFFFFFFFFFFFFFFFFFFFD1
:1038B000FFFFFFFFFFFFFFFFFFFFFFFFFFFFFFFF18
:1038C000FFFFFFFFFFFF00005A00FFFFFFFFFFFFAA
:1038D000FFFFFFFFFFFFFFFFFFFFFFFFFFFFFFFFF8
:1038E000FFFFFFFFFFFFFFFFFFFFFFFFFFFF0000E6
:1038F0005F00FFFFFFFFFFFFFFFFFFFFFFFFFFFF77
:10390000FFFFFFFFFFFFFFFFFFFFFFFFFFFFFFFFC7
:10391000FFFFFFFFFFFF00006400FFFFFFFFFFFF4F
:10392000FFFFFFFFFFFFFFFFFFFFFFFFFFFFFFFFA7
:10393000FFFFFFFFFFFFFFFFFFFFFFFFFFFF000095
:10394000E8030A000F00140019001E0023002800DD
:103950002D00320037003C00410046004B00500073
:1039600055005A005F0000001400FFFFFFFFFFFF3B
:10397000FFFFFFFFFFFFFFFFFFFFFFFFFFFFFFFF57
:10398000FFFFFFFFFFFFFFFFFFFFFFFFFFFF000045
:103990001900FFFFFFFFFFFFFFFFFFFFFFFFFFFF1C
:1039A000FFFFFFFFFFFFFFFFFFFFFFFFFFFFFFFF27
:1039B000FFFFFFFFFFFF00001E00FFFFFFFFFFFFF5
:1039C000FFFFFFFF0C0352038403B603E803240444
:1039D00060049C04EC043C05A005FFFFFFFF000011
:1039E0002300FFFFFFFFFFFFFFFFFFFFBC02EE0210
:1039F000200352037A03B603E80324046A04BA04DA
:103A00001405FFFFFFFF00002800FFFFFFFFFFFF7F
:103A1000FFFFFFFF9E02D0020203340366039803F8
:103A2000D403060442049204EC04FFFFFFFF0000ED
:103A30002D00FFFFFFFFFFFFFFFFFFFF8A02BC0219
:103A4000EE02200348037A03AC03E8032E04740457
:103A5000CE04FFFFFFFF00003200FFFFFFFFFFFF6C
:103A6000FFFFFFFF9402C602EE022003520384030D
:103A7000C003FC0338048804E204FFFFFFFF0000DA
:103A80003700FFFFFFFFFFFFFFFFFFFF8002B202D3
:103A9000D002020334036603A203DE031A046A049D
:103AA000C404FFFFFFFF00003C00FFFFFFFFFFFF1C
:103AB000FFFFFFFF8002A802DA020C033E0370033F
:103AC000B603E8032E047404CE04FFFFFFFF0000DA
:103AD0004100FFFFFFFFFFFFFFFFFFFF6C029E02A1
:103AE000C602F8022A035C039803CA0310045604B2
:103AF000B004FFFFFFFF00004600FFFFFFFFFFFFD6
:103B0000FFFFFFFF440276029402C602F8022A0376
:103B10005C039803D40324047404FFFFFFFF000038
:103B20004B00FFFFFFFFFFFFFFFFFFFF1C024E02E6
:103B30007602A802D002020334037003A203E80352
:103B40004204FFFFFFFF00005000FFFFFFFFFFFFE9
:103B5000FFFFFFFF1C024E027602A802DA020C03EE
:103B60003E037003AC03F2034C04FFFFFFFF0000B1
:103B70005500FFFFFFFFFFFFFFFFFFFFFFFFFFFFFE
:103B8000FFFFFFFFFFFFFFFFFFFFFFFFFFFFFFFF45
:103B9000FFFFFFFFFFFF00005A00FFFFFFFFFFFFD7
:103BA000FFFFFFFFFFFFFFFFFFFFFFFFFFFFFFFF25
:103BB000FFFFFFFFFFFFFFFFFFFFFFFFFFFF000013
:103BC0005F00FFFFFFFFFFFFFFFFFFFFFFFFFFFFA4
:103BD000FFFFFFFFFFFFFFFFFFFFFFFFFFFFFFFFF5
:103BE000FFFFFFFFFFFF00006400FFFFFFFFFFFF7D
:103BF000FFFFFFFFFFFFFFFFFFFFFFFFFFFFFFFFD5
:103C0000FFFFFFFFFFFFFFFFFFFFFFFFFFFF0000C2
:103C1000DC050A000F00140019001E002300280014
:103C20002D00320037003C00410046004B005000A0
:103C300055005A005F0000001400D6014E02B20287
:103C40000C036603B60306045604A604F6044605F0
:103C5000A005FA055E06D6064E07F807DE08000046
:103C60001900D6014402A8020C035C03AC03FC0358
:103C70004C049C04EC0446059605FA055E06CC0649
:103C80004E07E407D40800001E00D6014402A80233
:103C900002035C03AC03FC034C049C04EC043C05F1
:103CA0009605F0055406C2064407E407CA0800005A
:103CB0002300CC014402A80202035203A203F20330
:103CC00042049204E20432058C05E6054A06B80671
:103CD0003A07DA07C00800002800CC0144029E021F
:103CE000F8025203A203F20342049204E2043205F2
:103CF0008205DC054006AE063007D007B608000096
:103D00002D00CC013A029E02F80248039803E80312
:103D100038048804D80428058205DC053606A40684
:103D20002607C607AC0800003200CC013A029E020A
:103D3000F80248039803E80338047E04CE041E0505
:103D40007805D2053606A4061C07BC07A2080000A9
:103D50003700CC013A029402EE0248039803DE03D6
:103D60002E047E04CE041E056E05C8052C069A0698
:103D70001207B207980800003C00C201300294020A
:103D8000EE023E038E03DE032E047404C404140505
:103D90006E05C805220690061207A8078E080000C7
:103DA0004100C20130029402E4023E038E03D403B8
:103DB00024047404C40414056405BE0522068606A2
:103DC00008079E07840800004600C20130028A02EC
:103DD000E40234038403D40324046A04BA040A0505
:103DE0005A05B40518068606FE069E0784080000DC
:103DF0004B00C20126028A02E40234038403CA0390
:103E00001A046A04B00400055A05B4050E067C06BF
:103E1000F40694077A0800005000B80126028A02CE
:103E2000DA0234037A03CA031A046004B0040005FA
:103E30005005AA0504067206EA068A077008000003
:103E40005500B80126028002DA022A037A03CA0367
:103E500010046004A604EC043C05A00504066806F2
:103E6000EA068007660800005A00B80126028002B0
:103E7000DA022A037003C00310045604A604F604F1
:103E80004605A005FA056806E00676075C0800000E
:103E90005F00B8011C028002D00220037003C0033F
:103EA000060456049C04EC043C059605F0055E06E9
:103EB000D6067607520800006400AE011C027602A6
:103EC000D00220037003B60306044C049C04EC04E7
:103ED0003C058C05F0055406CC066C07480800002C
:103EE0000E060A000F00140019001E00230028000F
:103EF0002D00320037003C00410046004B005000CE
:103F000055005A005F0000001400FFFFFFFFFFFF95
:103F1000FFFFFFFFFFFFFFFFFFFFFFFFFFFFFFFFB1
:103F2000FFFFFFFFFFFFFFFFFFFFFFFFFFFF00009F
:103F30001900FFFFFFFFFFFFFFFFFFFFFFFFFFFF76
:103F4000FFFFFFFFFFFFFFFFFFFFFFFFFFFFFFFF81
:103F5000FFFFFFFFFFFF00001E00FFFFFFFFFFFF4F
:103F6000FFFFFFFFFFFFFFFFFFFFFFFFFFFFFFFF61
:103F7000FFFFFFFFFFFFFFFFFFFFFFFFFFFF00004F
:103F80002300FFFFFFFFFFFFA20306046004BA0443
:103F900014056E05C80522067C06E0064E07BC0720
:103FA0004808F208FFFF00002800FFFFFFFFFFFFA7
:103FB0008E03E80342049C04F6044605A005FA05B6
:103FC0005406AE061C078A071608B608FFFF000055
:103FD0002D00FFFFFFFFFFFF7003D40324047E04C6
:103FE000CE0428057805D2052C068606EA06620767
:103FF000E4078408FFFF00003200FFFFFFFFFFFF20
:104000005C03B60310046004B0040A055A05AA054F
:1040100004065E06C2063A07BC075C08FFFF000004
:104020003700FFFFFFFFFFFF4803A203F2034C042A
:104030009C04EC043C058C05E6054006A40612072A
:104040008A072A08FFFF00003C00FFFFFFFFFFFF79
:1040500034038E03DE032E047E04CE041E056E059B
:10406000C80522067C06EA0662070208FFFF000078
:104070004100FFFFFFFFFFFF20037A03CA031A047A
:104080006A04B00400055005AA05FA055E06CC06D0
:104090004407DA07FFFF00004600FFFFFFFFFFFFB6
:1040A00016036603B60306044C049C04EC043C05AA
:1040B0008C05DC054006A4061C07BC07FFFF0000BA
:1040C0004B00FFFFFFFFFFFF02035203A203F203B7
:1040D00038048804CE041E056E05C805220686062F
:1040E000FE069407FFFF00005000FFFFFFFFFFFFE9
:1040F000F80248038E03DE0324047404BA040A059C
:104100005A05AA0504066806E0067607FFFF0000C8
:104110005500FFFFFFFFFFFFE40234038403CA03DF
:1041200010046004A604EC043C059605F005540652
:10413000C2065807FFFF00005A00FFFFFFFFFFFF06
:10414000DA022A037003B60306044C049204D8046E
:1041500028057805D2053606A4063A07FFFF0000B9
:104160005F00FFFFFFFFFFFFD00216036603AC03F3
:10417000F20338047E04C40414056405BE05180661
:1041800090061C07FFFF00006400FFFFFFFFFFFF1A
:10419000C6020C0352039803DE0324046A04B0042D
:1041A00000055005AA0504067206FE06FFFF000082
:1041B000E8030A000F00140019001E002300280065
:1041C0002D00320037003C00410046004B005000FB
:1041D00055005A005F0000001400FFFFFFFFFFFFC3
:1041E000FFFFFFFFFFFFFFFFFFFFFFFFFFFFFFFFDF
:1041F000FFFFFFFFFFFFFFFFFFFFFFFFFFFF0000CD
:104200001900FFFFFFFFFFFFFFFFFFFFFFFFFFFFA3
:10421000FFFFFFFFFFFFFFFFFFFFFFFFFFFFFFFFAE
:10422000FFFFFFFFFFFF00001E00FFFFFFFFFFFF7C
:10423000FFFFFFFFC60216036603AC03FC03560430
:10424000A6040A056E05E6057C06FFFFFFFF0000D9
:104250002300FFFFFFFFFFFFFFFFFFFF7602B20219
:10426000F8023E037A03CA031A047404CE043C0520
:10427000B405FFFFFFFF00002800FFFFFFFFFFFF67
:10428000FFFFFFFF58029402D00216035C03A20353
:10429000E8033804920400057805FFFFFFFF0000E3
:1042A0002D00FFFFFFFFFFFFFFFFFFFF3A02760237
:1042B000B202F80234037A03C00310046A04C4048F
:1042C0003C05FFFFFFFF00003200FFFFFFFFFFFF85
:1042D000FFFFFFFF3A027602BC02F8023E037A03B8
:1042E000CA031A046A04CE044605FFFFFFFF00005C
:1042F0003700FFFFFFFFFFFFFFFFFFFF2602620205
:104300009E02D00216035203A203E80342049C0457
:104310001405FFFFFFFF00003C00FFFFFFFFFFFF52
:10432000FFFFFFFF260262029E02DA0216035C0311
:10433000AC03F2034204A6041405FFFFFFFF0000D4
:104340004100FFFFFFFFFFFFFFFFFFFF08024E02DC
:104350008A02C60202033E038403CA031A047404D9
:10436000E204FFFFFFFF00004600FFFFFFFFFFFF2B
:10437000FFFFFFFFEA01260258029402C602020371
:104380003E038E03D4032E049204FFFFFFFF0000C0
:104390004B00FFFFFFFFFFFFFFFFFFFFCC01FE0110
:1043A00030026C029E02D0020C0352039803E80311
:1043B0004C04FFFFFFFF00005000FFFFFFFFFFFF67
:1043C000FFFFFFFFD601FE01300262029E02DA0209
:1043D000160352039803F2035604FFFFFFFF000089
:1043E0005500FFFFFFFFFFFFFFFFFFFFFFFFFFFF86
:1043F000FFFFFFFFFFFFFFFFFFFFFFFFFFFFFFFFCD
:10440000FFFFFFFFFFFF00005A00FFFFFFFFFFFF5E
:10441000FFFFFFFFFFFFFFFFFFFFFFFFFFFFFFFFAC
:10442000FFFFFFFFFFFFFFFFFFFFFFFFFFFF00009A
:104430005F00FFFFFFFFFFFFFFFFFFFFFFFFFFFF2B
:10444000FFFFFFFFFFFFFFFFFFFFFFFFFFFFFFFF7C
:10445000FFFFFFFFFFFF00006400FFFFFFFFFFFF04
:10446000FFFFFFFFFFFFFFFFFFFFFFFFFFFFFFFF5C
:10447000FFFFFFFFFFFFFFFFFFFFFFFFFFFF00004A
:1044800078050A000F00140019001E002300280000
:104490002D00320037003C00410046004B00500028
:1044A00055005A005F00FFFF1400FFFFFFFFFFFFF2
:1044B000FFFFFFFFFFFFFFFFFFFFFFFFFFFFFFFF0C
:1044C000FFFFFFFFFFFFFFFFFFFFFFFFFFFF0000FA
:1044D0001900FFFFFFFFFFFFFFFFFFFFFFFFFFFFD1
:1044E000FFFFFFFFFFFFFFFFFFFFFFFFFFFFFFFFDC
:1044F000FFFFFFFFFFFF00001E00FFFFFFFFFFFFAA
:10450000FFFFFFFF9C04EC0432057805D205180676
:104510007C06D6064407BC074808FFFFFFFF0000E3
:104520002300FFFFFFFFFFFFFFFFFFFF2E047404C8
:10453000BA0400055005A005E6054006A4061C07C0
:10454000A807FFFFFFFF00002800FFFFFFFFFFFF9E
:10455000FFFFFFFF100456049C04E20432057805B7
:10456000C80522068606FE068007FFFFFFFF000043
:104570002D00FFFFFFFFFFFFFFFFFFFFFC034204D3
:104580007E04C40414056405AA0504066806E00652
:104590006207FFFFFFFF00003200FFFFFFFFFFFF8A
:1045A000FFFFFFFF060456049C04E2043205820567
:1045B000D2052C06900608079407FFFFFFFF0000B6
:1045C0003700FFFFFFFFFFFFFFFFFFFFE803380497
:1045D0007E04C40414056405B4050E067C06EA06D0
:1045E0007607FFFFFFFF00003C00FFFFFFFFFFFF1C
:1045F000FFFFFFFFFC0342049204D804280578055E
:10460000C8052C06900608079407FFFFFFFF00006F
:104610004100FFFFFFFFFFFFFFFFFFFFDE032E0450
:104620007404BA040A055A05AA050E067C06F406A7
:104630008007FFFFFFFF00004600FFFFFFFFFFFFB7
:10464000FFFFFFFFAC03F20342047E04CE041E050D
:104650006E05D2052C06A4063007FFFFFFFF000001
:104660004B00FFFFFFFFFFFFFFFFFFFF7A03C003C9
:1046700006044C049C04EC0432059605F00568061B
:10468000EA06FFFFFFFF00005000FFFFFFFFFFFFF4
:10469000FFFFFFFF7A03CA0310046004A604F604B8
:1046A0004605AA0504067C060807FFFFFFFF000079
:1046B0005500FFFFFFFFFFFFFFFFFFFFFFFFFFFFB3
:1046C000FFFFFFFFFFFFFFFFFFFFFFFFFFFFFFFFFA
:1046D000FFFFFFFFFFFF00005A00FFFFFFFFFFFF8C
:1046E000FFFFFFFFFFFFFFFFFFFFFFFFFFFFFFFFDA
:1046F000FFFFFFFFFFFFFFFFFFFFFFFFFFFF0000C8
:104700005F00FFFFFFFFFFFFFFFFFFFFFFFFFFFF58
:10471000FFFFFFFFFFFFFFFFFFFFFFFFFFFFFFFFA9
:10472000FFFFFFFFFFFF00006400FFFFFFFFFFFF31
:10473000FFFFFFFFFFFFFFFFFFFFFFFFFFFFFFFF89
:10474000FFFFFFFFFFFFFFFFFFFFFFFFFFFF000077
:104750002020202020202020202020202020202059
:1047600020200011007F96290001007F9628003A42
:104770000155B701C6E808408A00002919A533C0D1
:10478000020D0DC1024300C20100C50400480048EB
:10479000B40100B60302023BE00F0F211C0B0E0810
:1047A000499838091103141000E10F0F2F2B0C0E3C
:1047B00006477637071104231E00B00100B3040238
:1047C000000000B40100D003074218D10300071015
:1047D000D2020102D3020102D4020102C005123B3F
:1047E000000211C103101088C50103C60102C80CE4
:1047F000003236450616377577540C00CC0100F6AA
:1048000003010100CF03008130ED0464031281E84D
:1048100003851078CB05392C003402F70120EA0219
:104820000000B00100B102001BB40100C00121C1B1
:104830000111C5023F3CC701B5360148F20100260F
:104840000101E00F0F26240B0E0954A8460C17098E
:104850000F0700E10F00191B0410072A4739030650
:104860000630380F360100B00100C10410100202FA
:10487000C006003500000102C50104D2020104CACD
:104880000100EA01807F01F20B16160308080808F0
:1048900010041616FD03110235B2050C0C0033335B
:1048A000B70135BB012BC00104C20201FFC30111D6
:1048B000C40120C6010FD002A4A1E00ED000050E55
:1048C000150D3743470915121619E10ED000050DD5
:1048D0000C062D44400E1C1816193A01557F0A008B
:1048E000000000000000000000000000000000FFC9
:1048F000FF0F0000040062080008080003000C011C
:10490000030B5A02030609030317100403002305CF
:10491000030017060309630703090C08030C1009B9
:1049200003322210001600110001011200000013D2
:1049300000010000013003010137020301000D8076
:104940000200610201B0C1FFFF320001000001025C
:1049500000000103003010090001000C000000906D
:104960000000800F000000100200001102EF001292
:1049700002000013028F0100050000010500000283
:10498000055F000104010004040000FFFF3200077E
:10499000000001FFFF32000002000001020000E5FC
:1049A00000F0780100000102000002030030100452
:1049B0000000000500000008000702090000000ACE
:1049C0000000000C0000000D0000000F00000010AF
:1049D0000000001100070012000000130000000793
:1049E000000100FFFFC8001000901611002702FF11
:1049F000FF320012000D00FFFF32001300001229E9
:104A0000000A002B000D00FFFF32002000000021F3
:104A100000000030000000310004043200030035C3
:104A2000000504360008083700070438000303397E
:104A30000007073C0004053D0008086000002761EE
:104A40000001006A00000080000000810000008278
:104A5000000000830000008400000085000000903A
:104A60000010009200000007003301E50000800004
:104A700000010001000001020000070300301004E3
:104A800000000008000202090000000A0000000CFB
:104A90000000000D0000000F0000001000000011D9
:104AA0000007001200000013000000FFFF3200109A
:104AB00000B01711000700FFFF0A0012003A01FFC3
:104AC000FF0A001300001A29000C00FFFF0A003043
:104AD00000000031000505320004003500060036F4
:104AE0000007073700050138000200390007073CBE
:104AF0000004073D000708600000A7610001006A8C
:104B00000000002100000020000000800000008163
:104B10000000008200000083000000840000008587
:104B20000000009000100092000000930003009528
:104B3000001001970000009800000007007301FFBB
:104B4000FF320001000001020000070300301008DE
:104B5000000203090000000A000800100000001114
:104B60000005001200000013000000FFFF640010A9
:104B700000B012FFFF320011000700FFFF320012E9
:104B8000008C001300001729002000FFFF320030C6
:104B90000000003100060132000101350006013637
:104BA0000003023700000038000707390004023C08
:104BB0000006013D000301600000A76100010090B4
:104BC00000300007003301FFFF3200150030009A6B
:104BD0000010001100200010002834120002001301
:104BE000003810FFFF280012001200FFFF280010FD
:104BF00000203413004530FFFF4600300000003134
:104C000000020432000703330004033400040035BB
:104C10000001043600070737000503380010063985
:104C2000001006010000010200000303003010081C
:104C30000008080A000800600000276100010090D9
:104C4000003E019200000193000001A0000030A38B
:104C500000100007000100070021000700230007E3
:104C60000033000700330100000000003E5B4F5B93
:104C70003E3E6B4F6B3E1C3E7C3E1C183C7E3C18FF
:104C80001C577D571C1C5E7F5E1C00183C1800FFE3
:104C9000E7C3E7FF0018241800FFE7DBE7FF304811
:104CA0003A060E2629792926407F050507407F050B
:104CB000253F5A3CE73C5A7F3E1C1C08081C1C3E02
:104CC0007F14227F22145F5F005F5F06097F017FF0
:104CD000006689956A606060606094A2FFA2940893
:104CE000047E040810207E201008082A1C08081CD6
:104CF0002A08081E101010100C1E0C1E0C30383E16
:104D00003830060E3E0E06000000000000005F0076
:104D1000000007000700147F147F14242A7F2A1242
:104D20002313086462364956205000080703000028
:104D30001C2241000041221C002A1C7F1C2A08085A
:104D40003E0808008070300008080808080000606D
:104D5000600020100804023E5149453E00427F4059
:104D60000072494949462141494D331814127F10B8
:104D700027454545393C4A49493141211109073602
:104D800049494936464949291E000014000000409F
:104D90003400000008142241141414141400412299
:104DA000140802015909063E415D594E7C12111248
:104DB0007C7F494949363E414141227F4141413E44
:104DC0007F494949417F090909013E414151737FAA
:104DD0000808087F00417F41002040413F017F08D3
:104DE0001422417F404040407F021C027F7F040824
:104DF000107F3E4141413E7F090909063E41512154
:104E00005E7F09192946264949493203017F01037A
:104E10003F4040403F1F2040201F3F4038403F63FD
:104E20001408146303047804036159494D43007F57
:104E30004141410204081020004141417F04020128
:104E400002044040404040000307080020545478CA
:104E5000407F284444383844444428384444287F18
:104E6000385454541800087E090218A4A49C787F72
:104E70000804047800447D40002040403D007F103D
:104E800028440000417F40007C047804787C0804BA
:104E900004783844444438FC18242418182424186E
:104EA000FC7C08040408485454542404043F44245B
:104EB0003C4040207C1C2040201C3C4030403C4476
:104EC000281028444C9090907C4464544C44000832
:104ED0003641000000770000004136080002010260
:104EE00004023C2623263C1EA1A161123A40402028
:104EF0007A385454555921555579412254547842A1
:104F0000215554784020545579400C1E5272123964
:104F1000555555593954545459395554545800001D
:104F2000457C410002457D420001457C407D1211D7
:104F3000127DF0282528F07C545545002054547CDF
:104F4000547C0A097F4932494949323A4444443A37
:104F5000324A4848303A4141217A3A42402078006A
:104F60009DA0A07D3D4242423D3D4040403D3C240D
:104F7000FF2424487E4943662B2FFC2F2BFF092951
:104F8000F620C0887E090320545479410000447DF6
:104F9000413048484A32384040227A007A0A0A7240
:104FA0007D0D19317D2629292F28262929292630EA
:104FB000484D4020380808080808080808382F100D
:104FC000C8ACBA2F102834FA00007B000008142A5D
:104FD000142222142A14085500550055AA55AA5522
:104FE000AAFF55FF55FF000000FF00101010FF0042
:104FF000141414FF001010FF00FF1010F010F01434
:105000001414FC001414F700FF0000FF00FF141438
:10501000F404FC141417101F10101F101F14141484
:105020001F00101010F0000000001F101010101FC3
:1050300010101010F010000000FF101010101010D1
:10504000101010FF10000000FF140000FF00FF0010
:10505000001F10170000FC04F41414171017141488
:10506000F404F40000FF00F714141414141414F7DB
:1050700000F7141414171410101F101F141414F434
:10508000141010F010F000001F101F0000001F147B
:10509000000000FC140000F010F01010FF10FF14CE
:1050A0001414FF141010101F00000000F010FFFF78
:1050B000FFFFFFF0F0F0F0F0FFFFFF000000000046
:1050C000FFFF0F0F0F0F0F3844443844FC4A4A4A81
:1050D000347E02020606027E027E02635549416367
:1050E0003844443C04407E201E2006027E02029981
:1050F000A5E7A5991C2A492A1C4C7201724C304A1A
:105100004D4D303048784830BC625A463D3E4949A2
:1051100049007E0101017E2A2A2A2A2A44445F444A
:105120004440514A444040444A51400000FF01037A
:10513000E080FF000008086B6B0836123624360644
:105140000F090F0600001818000000101000304072
:10515000FF0101001F01011E00191D1712003C3C38
:105160003C3C0000000000005EBCE2613FDD83C209
:105170009C7E20A3FD1F41009D23BE46DB65F88C6D
:1051800011AF32CA57E97400002100240027002A19
:10519000002D003000330001010000040107010A66
:1051A00001000020002300260029002C002F0032DF
:1051B000000001000003010601090100000A0B02C2
:1051C000090C0D0E08070304010000000000000098
:1051D00000000000000000000000000000000000CF
:1051E000000000000000001211100000000000008C
:1051F00000000000000000000000000000000000AF
:1052000000010210202008081020401020408002D9
:1052100001020108040201010204081020408080FC
:105220004020100804020180040201804020100880
:105230000402010804020101020408102040800158
:105240000204081020408000002200250028002BC6
:10525000002E003100340002010000050108010B9E
:105260000105050505070508080808020202020AEB
:105270000A080804040404010101010101010103F9
:1052800003030303030303040707070C0C0C0C0CB4
:105290000C0C0C0202020206060606060606060BA7
:1052A0000B0B0B0B0B0B0B00CB68387F11241FBEB5
:1052B000CFEFD1E2DEBFCDBF00E00CBF29E0A6EB0F
:1052C000B7E001C01D92A43BB207E1F717E0A0E0F0
:1052D000B2E0E0EEFFE001E00BBF02C007900D92EC
:1052E000A63BB107D9F719E2C5E5D9E200E006C04F
:1052F00021970109802FFE010E941783C435D10731
:1053000080E00807A9F70E944D6A0C94DE870C9490
:10531000000008958150823108F05AC0E82FF0E073
:105320008827EA56F64D8F4F0C941783B629BA2971
:10533000A829AE29B229E829BD29C329C729CD2921
:10534000D129D529DB29DF29E829E329E929ED2914
:10535000809180008F7780938000089580918000F5
:105360008F7DF9CF80918000877FF5CF84B58F77CF
:1053700084BD089584B58F7DFBCF8091B0008F7779
:105380008093B00008958091B0008F7DF9CF809117
:1053900090008F77809390000895809190008F7D8A
:1053A000F9CF80919000877FF5CF8091A0008F7713
:1053B0008093A00008958091A0008F7DF9CF809107
:1053C000A000877FF5CF809120018F778093200107
:1053D0000895809120018F7DF9CF80912001877FF2
:1053E000F5CFCF93DF93282F30E0F901E554FE4A43
:1053F0008491F901EF5FFD4AD491F901EF59FD4A1B
:10540000C491CC23A1F081110E948A29EC2FF0E0F5
:10541000EE0FFF1FEF55FE4AA591B491EC91ED23DD
:1054200081E090E009F480E0DF91CF91089580E081
:1054300090E0FACF1F93CF93DF93282F30E0F9014C
:10544000E554FE4A8491F901EF5FFD4AD491F901D8
:10545000EF59FD4AC491CC23A9F0162F81110E9467
:105460008A29EC2FF0E0EE0FFF1FE95BFD4AA591C2
:10547000B4918FB7F894EC91111108C0D095DE2348
:10548000DC938FBFDF91CF911F910895DE2BF8CF72
:10549000CF93DF9390E0FC01EF5FFD4A24918F5999
:1054A0009D4AFC0184918823C9F090E0880F991FE0
:1054B000FC01E957FE4AA591B491FC01E95BFD4A64
:1054C000C591D49161110DC09FB7F8948C9120952E
:1054D00082238C938881282328839FBFDF91CF91DB
:1054E0000895623051F49FB7F8943C91822F8095D3
:1054F00083238C93E8812E2BEFCF8FB7F894EC9118
:105500002E2B2C938FBFEACFCF93DF93EC0162E079
:105510008D810E94482A2FB7F8948091520890916B
:105520005308A0915408B09155082FBF805D974053
:10553000A109B10989879A87AB87BC8787E38A8BE2
:10554000DF91CF910895863308F0865320917B0038
:10555000982F9870277F922B90937B0087708064A0
:1055600080937C0080917A00806480937A0080919F
:105570007A0086FDFCCF80917800909179000895A3
:105580002F923F924F925F926F927F929F92AF9233
:10559000BF92CF92DF92EF92FF920F931F93CF9320
:1055A000DF9300D000D0CDB7DEB760E08091F50882
:1055B0000E94482A60E08091F6080E94482A61E033
:1055C0008091F8080E94482A61E08091F7080E94C3
:1055D000482A80910309E091FB08F091FC08908132
:1055E000892B808380910409E091FF08F0910009E4
:1055F00090818095892380838091F5080E94A32A59
:105600008C018091F5080E94A32A9801281B390B70
:105610002C5F3F4F912C2930310530F4800F911FC2
:1056200095958795992493940FEF13E0081B190B18
:1056300060E08091F8080E94482A60E08091F708B5
:105640000E94482A61E08091F5080E94482A61E0A2
:105650008091F6080E94482A80910609E09101098C
:10566000F0910209908180958923808380910509BA
:10567000E091FD08F091FE089081892B8083809154
:10568000F7080E94A32A7C018091F7080E94A32AB0
:105690009701281B390B2C5F3F4F2930310508F04B
:1056A0009DC08E0D9F1D95958795CC24CA9423E0AF
:1056B000D22E7601E81AF90A61E08091F8080E947A
:1056C000482A60E08091F5080E94482A80910309E9
:1056D000E091FB08F091FC089081809589238083FC
:1056E00080910609E0910109F09102099081892BCE
:1056F00080838091F7080E94A32A5C018091F508BD
:105700000E94A32ABC016090F9087090FA08611405
:10571000710409F465C0072E000C880B990B0E94D8
:10572000C2811B012C01B501BB0C880B990B0E9497
:10573000C2819B01AC01C201B1010E948C8320E0B7
:1057400030E040E85FE30E941F835B016C01B80119
:10575000012E000C880B990B0E94C281A6019501B5
:105760000E9421825B016C01B30190E080E00E9405
:10577000C081A60195010E94218220E030E040E82E
:105780005AE30E9421820E94FE83911002C070E0C1
:1057900060E01A830983FC82EB827E836D83202F75
:1057A0003A814E2D5C817E8180E090E026960FB696
:1057B000F894DEBF0FBECDBFDF91CF911F910F9147
:1057C000FF90EF90DF90CF90BF90AF909F907F9031
:1057D0006F905F904F903F902F900895912C65CFE0
:1057E0006A197B09C601861B970BBC01CECF3FB758
:1057F000F89480914D0890914E08A0914F08B09177
:10580000500826B5A89B05C02F3F19F00196A11D91
:10581000B11D3FBFBA2FA92F982F8827BC01CD01FA
:10582000620F711D811D911D42E0660F771F881F59
:10583000991F4A95D1F708958F929F92AF92BF9288
:10584000CF92DF92EF92FF926B017C010E94F72BC7
:105850004B015C01C114D104E104F104B9F00E94D0
:10586000F72B681979098A099B09683E73408105FD
:10587000910580F321E0C21AD108E108F10888EE11
:10588000880E83E0981EA11CB11CE4CFFF90EF901E
:10589000DF90CF90BF90AF909F908F900895AF9280
:1058A000BF92CF92DF92EF92FF920F931F93CF930D
:1058B000DF936C017B018B01040F151FEB015E016F
:1058C000AE18BF08C017D10759F06991D601ED9104
:1058D000FC910190F081E02DC6011995892B79F793
:1058E000C501DF91CF911F910F91FF90EF90DF9055
:1058F000CF90BF90AF900895FC01448155816081A5
:1059000071818BE799E00C944F2CFC01538D448DF1
:10591000252F30E0842F90E0821B930B541710F05A
:10592000CF96089501970895FC01918D828D981767
:1059300061F0A28DAE0FBF2FB11D5D968C91928D3F
:105940009F5F9F73928F90E008958FEF9FEF089570
:10595000FC01918D828D981731F0828DE80FF11D39
:10596000858D90E008958FEF9FEF0895FC01918D54
:10597000228D892F90E0805C9F4F821B91098F734D
:105980009927089586E598E00E94B62C21E0892B9E
:1059900009F420E0822F0895FC01A48DA80FB92FEF
:1059A000B11DA35ABF4F2C91848D90E001968F7347
:1059B0009927848FA689B7892C93A089B1898C9166
:1059C000837080648C93938D848D981306C00288B5
:1059D000F389E02D80818F7D80830895EF92FF927F
:1059E0000F931F93CF93DF93EC0181E0888F9B8D02
:1059F0008C8D98131AC0E889F989808185FF15C0BC
:105A00009FB7F894EE89FF896083E889F9898081DE
:105A10008370806480839FBF81E090E0DF91CF91AD
:105A20001F910F91FF90EF900895F62E0B8D10E0CF
:105A30000F5F1F4F0F731127E02E8C8D8E110CC03E
:105A40000FB607FCFACFE889F989808185FFF5CF89
:105A5000CE010E94CC2CF1CFEB8DEC0FFD2FF11D70
:105A6000E35AFF4FF0829FB7F8940B8FEA89FB89C6
:105A700080818062CFCFCF93DF93EC01888D882324
:105A8000B9F0AA89BB89E889F9898C9185FD03C0A1
:105A9000808186FD0DC00FB607FCF7CF8C9185FF86
:105AA000F2CF808185FFEDCFCE010E94CC2CE9CFD3
:105AB000DF91CF91089580E090E0892B29F00E943A
:105AC000C22C81110E94000080E090E0892B49F0F7
:105AD00080E090E0892B29F00E94000081110E9453
:105AE000000080E090E0892B49F080E090E0892B75
:105AF00029F00E94000081110E94000080E090E0E7
:105B0000892B49F080E090E0892B29F00E94000069
:105B100081110C9400000895CF92DF92EF92FF92D2
:105B2000CF93DF93DC011796CC911797D0E06111EA
:105B3000DC2F18962C91189730E0220F331F2F5529
:105B40003E4A50E040E0F90185919491FC01F080DB
:105B5000BA0190E080E0EF2DEC23ED1310C04F5F11
:105B60005F4F1D96CD90DD90ED90FC9050976C1599
:105B70007D058E059F0538F36FEF7FEFCB01DF9139
:105B8000CF91FF90EF90DF90CF9008958F929F92EA
:105B9000AF92BF92CF92DF92EF92FF920F931F933B
:105BA000CF93DF93CDB7DEB7C054D1400FB6F89492
:105BB000DEBF0FBECDBF2FB7F89440915208509171
:105BC000530860915408709155082FBFFC0101855E
:105BD0001285238534856A017B01C01AD10AE20A45
:105BE000F30A97018601003D174021053105B0F405
:105BF000FC018189C05CDE4F0FB6F894DEBF0FBE9A
:105C0000CDBFDF91CF911F910F91FF90EF90DF906B
:105C1000CF90BF90AF909F908F9008958C01FC0122
:105C2000418752876387748714821382128211829C
:105C3000108262E085810E94482A61E070E080E085
:105C400090E00E941C2C61E0F80185810E94482AA6
:105C500060E0F80185810E941A2AF8018681855149
:105C6000823028F58BE291E10197F1F762E0F801CB
:105C700085810E94482AF801828990E0823091054E
:105C800038F0880F991F880F991F05970197F1F732
:105C9000F89460E0C8010E948C2D6F3F7F4F8F4FBA
:105CA0009F4F61F4F801118A789480E0A3CF64E1FA
:105CB00070E080E090E00E941C2CD8CF61E0C80129
:105CC0000E948C2D6F3F7F4F8F4F9F4F59F3CE0116
:105CD00001967C015E019FEBA91A9EEFB90A67014C
:105CE00060E0C8010E948C2DF6016083718382837D
:105CF000938361E0C8010E948C2DF6016483758353
:105D000086839783F8E0CF0ED11CCA14DB0441F7D9
:105D1000789430E020E0F70180809180A280B38009
:105D20004481558166817781FFEF8F169F06AF060C
:105D3000BF0631F04F3F8FEF58076807780719F417
:105D4000F801118AB2CFF90183E0F595E7958A95BC
:105D5000E1F7E00FF11F8081880F84169506A606F3
:105D6000B706F0F080832F5F3F4FF8E0EF0EF11C95
:105D70002832310581F6F801448120818181280F84
:105D80003327331F8281280F311D8381820F932F88
:105D9000911D99274817190699F681E0818B2ACF22
:105DA0008160E0CFCF92DF92EF92FF92CF93DF93AB
:105DB000EC010E94C62D882341F08E818B3028F0A3
:105DC0008D3040F08551823030F160E070E080EC41
:105DD0009FE71AC0698170E090E080E00E94C28174
:105DE0002DEC3CEC4CEC5DE30E9421826B017C01CC
:105DF000688170E090E080E00E94C2819B01AC016C
:105E0000C701B6010E942083DF91CF91FF90EF90F0
:105E1000DF90CF900895688179817627672776276C
:105E200090E080E00E94C0812DEC3CEC4CEC5DE306
:105E30000E942182E9CFCF92DF92EF92FF921F93CF
:105E4000CF93DF93EC010E94C62D882339F08E8119
:105E50008C3009F44DC038F48B30E1F060E070E034
:105E600080EC9FE73DC085518230C0F71A81612FD9
:105E700070E0762F662766277F778B81682B90E00E
:105E800080E00E94C0812DEC3CEC4CEC5DE30E9474
:105E9000218248C06A8170E090E080E00E94C08169
:105EA0006B017C01CB81C7FF0AC0AC019B0160E0A4
:105EB00070E080E89FEB0E941F836B017C01CF7034
:105EC0006C2F70E090E080E00E94C2812DEC3CECF1
:105ED0004CEC5DE30E942182A70196010E94208381
:105EE000DF91CF911F91FF90EF90DF90CF900895B9
:105EF0001A81612F70E090E080E00E94C0816B0108
:105F00007C016B816F7070E090E080E00E94C28144
:105F10002DEC3CEC4CEC5DE30E942182A701960144
:105F20000E94208317FFDCCF9058DACFDC0180E09D
:105F3000615090F09D919827E92FEF70F0E0E959BA
:105F4000FE4A2491E92FE295EF70F0E0E958FE4A0D
:105F5000E491822F8E27ECCF0895DC012C911196CD
:105F6000ED91FC91F8948181822B81839281322F73
:105F700030959323928387E090E00197F1F7818138
:105F80008323818383E290E00197F1F790817894F5
:105F9000EFECF0E03197F1F7922381E009F480E033
:105FA0000895FC0190810180F281E02D292F209538
:105FB00060FF14C0F8948281822382838181892BBF
:105FC0008183A3E2B0E01197F1F78281982B92834D
:105FD000789487ED90E00197F1F70895F894828125
:105FE000822382838181892B8183AFEFB0E0119777
:105FF000F1F78281982B928378948FE090E0EBCF39
:10600000EF92FF920F931F93CF93DF93EC01E62E55
:1060100008E010E0FF24F39461E08E2D8F2109F455
:1060200060E0CE010E94D12FFF0C01501109A1F7B1
:10603000F894E981FA81918188818095892381830F
:10604000E981FA819281888180958923828378947D
:10605000DF91CF911F910F91FF90EF900895EF92F4
:10606000FF920F931F93CF93DF938C017B0165E524
:106070000E940030E70188E0E80EF11C6991C80138
:106080000E940030CE15DF05C9F7DF91CF911F9137
:106090000F91FF90EF900895FC0190810180F281B3
:1060A000E02DF8948181292F209582238183789493
:1060B0003DE743E050E0315029F1DA011197F1F763
:1060C00080818923C1F3F894828182238283818134
:1060D000892B81837894ABE7B7E01197F1F7F894B7
:1060E000818182238183A3E1B1E01197F1F780815F
:1060F000982381E009F080E07894E3E6F6E03197B8
:10610000F1F7089580E008950F931F93CF93DF93E5
:10611000EC018B01FE0184913196649122968F37B8
:1061200099F470E090E080E00E941C2C60E070E048
:106130006E5F7F4F061B170B101611065CF3DF9185
:10614000CF911F910F9108958B988A989091020199
:10615000977890930201A5989EB1977C9EB9409143
:10616000020190E09C0155E0220F331F5A95E1F7A0
:106170002076242B209302014EB19C01220F331F65
:10618000220F331F2073242B2EB944B39C01220FFE
:10619000331F2072242B24BB4EB19C0135952795CB
:1061A000359527952870242B2EB920910201A3E064
:1061B00095958795AA95E1F78871822B80930201C6
:1061C0008998899A50E040E0461708F045C0FE01E2
:1061D000E40FF51FE4918A9A8091020187788093F9
:1061E0000201A5988EB1877C8EB9709102018E2F25
:1061F00090E09C01E5E0220F331FEA95E1F720765D
:10620000272B209302017EB19C01220F331F220F06
:10621000331F2073272B2EB974B39C01220F331F19
:106220002072272B24BB7EB19C013595279535958F
:1062300027952870272B2EB9E091020123E0959530
:1062400087952A95E1F788718E2B809302018998B2
:10625000899A4F5F5F4FB8CFC60FD11D8B9A67CF1A
:106260008B988A9820910201277820930201A598A3
:106270002EB1277C2EB970910201292F30E0F9014F
:10628000A5E0EE0FFF1FAA95E1F7E076E72BE0937C
:1062900002017EB1F901EE0FFF1FEE0FFF1FE07349
:1062A000E72BEEB974B3F901EE0FFF1FE072E72B95
:1062B000E4BB7EB1F901F595E795F595E795E870B2
:1062C000E72BEEB970910201E3E035952795EA9549
:1062D000E1F72871272B209302018998899A209150
:1062E0000201277820930201A5982EB1277C2EB9B0
:1062F000709102019C01F5E0880F991FFA95E1F772
:106300008076872B809302017EB1C901880F991F87
:10631000880F991F8073872B8EB974B3C901880FBA
:10632000991F8072872B84BB7EB1C9019595879593
:10633000959587958870872B8EB980910201F3E03F
:1063400035952795FA95E1F72871282B20930201BE
:106350008998899A8A9AFA01615008F43EC081911D
:1063600090910201977890930201A5989EB1977C35
:106370009EB94091020190E09C0155E0220F331F2D
:106380005A95E1F72076242B209302014EB19C010F
:10639000220F331F220F331F2073242B2EB944B337
:1063A0009C01220F331F2072242B24BB4EB19C0171
:1063B00035952795359527952870242B2EB9209152
:1063C000020133E0959587953A95E1F78871822B24
:1063D000809302018998899ABFCF8B9A08958B98F0
:1063E0008A98E2E0F1E0208127782083A5982EB1F9
:1063F000277C2EB9A081292F30E0A901B5E0440FF8
:10640000551FBA95E1F740764A2B4083AEB1A901FA
:10641000440F551F440F551F40734A2B4EB9A4B368
:10642000A901440F551F40724A2B44BBAEB1A901CC
:10643000559547955595479548704A2B4EB94081DB
:1064400053E0359527955A95E1F72871242B208341
:106450008998899A208127782083A5982EB1277C56
:106460002EB940819C01A5E0880F991FAA95E1F7FC
:106470008076842B80834EB1C901880F991F880FC5
:10648000991F8073842B8EB944B3C901880F991F5B
:106490008072842B84BB4EB1C901959587959595E3
:1064A00087958870842B8EB98081B3E035952795C8
:1064B000BA95E1F72871282B20838998899A8A9ABE
:1064C000808187788083A5988EB1877C8EB9408142
:1064D000872F90E09C0155E0220F331F5A95E1F77A
:1064E0002076242B20834EB19C01220F331F220FD4
:1064F000331F2073242B2EB944B39C01220F331F6A
:106500002072242B24BB4EB19C01359527953595DF
:1065100027952870242B2EB92081A3E09595879587
:10652000AA95E1F78871822B80838998899A808166
:1065300087788083A5988EB1877C8EB94081CB0106
:106540009B01B5E0220F331FBA95E1F72076242B8B
:1065500020834EB19B01220F331F220F331F207364
:10656000242B2EB944B39B01220F331F2072242BFE
:1065700024BB4EB19C0135952795359527952870FC
:10658000242B2EB92081A3E095958795AA95E1F754
:106590008871822B80838998899A8B9A089581E0EB
:1065A00080935108E1E0F1E08081886780839D9AC3
:1065B0008DB188638DB9809A819A829A839A849AE0
:1065C0008B9A889A899A8C9A62E370E080E090E0D6
:1065D0000E941C2C8C9864E670E080E090E00E94A1
:1065E0001C2C8C9A64E670E080E090E00E941C2CE9
:1065F00070E060E080EB90E00C94EF31EF92FF925E
:106600000F931F93CF93DF93EC01E62E80915108F7
:10661000811102C00E94CF328B988A98809102012A
:10662000877880930201A5988EB1877C8EB980917E
:106630000201809302018EB18EB984B384BB8EB106
:106640008EB980910201809302018998899A809184
:106650000201877880930201A5988EB1877C8EB95C
:1066600020910201CE0115E0880F991F1A95E1F7DC
:106670008076822B809302012EB1CE01880F991F64
:10668000880F991F8073822B8EB924B3CE01880F97
:10669000991F8072822B84BB2EB1CE019595879570
:1066A000959587958870822B8EB98091020153E071
:1066B000D595C7955A95E1F7C871C82BC0930201CB
:1066C0008998899A8A9A809101018778809301013B
:1066D0009D988DB1877C8DB961E070E080E090E09D
:1066E0000E941C2C61E070E080E090E00E941C2C75
:1066F000889A889888988898D09100011CB102B334
:10670000CCB1F0900001889A61E070E080E090E008
:106710000E941C2C889A889888988898409100013B
:106720005CB1E2B39CB1F0910001889AEA946FEFFA
:10673000E612D8CF889A8B9A80910101886780935E
:1067400001019D9A8DB188638DB984E0C89F900145
:1067500011242072332788E0F89EB0011124607C58
:106760007727262B602F70E07595679560717727E6
:10677000262B612F70E075956795759567956C7000
:106780007727262B6D2F70E0B5E075956795BA9544
:10679000E1F763707727262B64E0969FC0011124F0
:1067A000807298E0F99FB0011124607C862BE695F9
:1067B000E0718E2B569556955C70852B50E0C5E0A8
:1067C00055954795CA95E1F74370842B922FDF9139
:1067D000CF911F910F91FF90EF9008950F931F930A
:1067E000CF93DF938C0160E00E94FE32EC0161E008
:1067F000C8010E94FE328C01BE0190E080E0CB0116
:106800007727662730E020E0602B712B822B932BBB
:10681000DF91CF911F910F910895FF920F931F93D6
:10682000CF93DF938C0160E00E94FE32EC0161E0C7
:10683000C8010E94FE32F82E62E0C8010E94FE32BA
:10684000AE0170E060E0742F66275527442700E012
:1068500030E020E0402B5F29622B732B292F30E0A2
:10686000C901B0E0A0E08A019B01082B192B2A2B5B
:106870003B2BC901B801DF91CF911F910F91FF9080
:1068800008950F931F93CF93DF93EC018B01FE01CB
:1068900085919491FE0132962496659174918F3F73
:1068A000980771F490E080E00E941C2C04501109BC
:1068B0001016110664F3DF91CF911F910F91089587
:1068C0000E94EF31F3CFFC01262F358D868D829506
:1068D0008170982F9627692F70E072A361A330FF13
:1068E0000CC0821307C080E290E050E040E060E01E
:1068F0000C94303181E290E0F8CF878D90A18339FC
:1069000027E7920741F058F4843521E0920791F08F
:1069100080329445C1F4626081E094E012C0863216
:1069200023E99207C1F3893025EB9207A1F3853261
:10693000924949F4660F771F660F771F636187E0FE
:1069400090E00C94EF3181E690E0FBCF8F929F9224
:10695000AF92BF92CF92DF92EF92FF920F931F936D
:10696000CF93DF9300D01F92CDB7DEB77C014B01F0
:106970005A016901FC01878D90A18632954151F43D
:10698000F701868980FF06C0C801841B950B81F53D
:106990000F5F1F4FF701858D80FF31C085A599825C
:1069A0008A82DB82CC82AE014F5F5F4F64E090E071
:1069B0000E943031F70181A9B982AA821B830C831E
:1069C000AE014F5F5F4F64E090E00E9430310F9066
:1069D0000F900F900F90DF91CF911F910F91FF902B
:1069E000EF90DF90CF90BF90AF909F908F900895E1
:1069F0002617370779F6C80ED91E8A01CBCFB40106
:106A000087A190A50E94EF31B501F70181A592A55C
:106A10000E94EF31C814D90419F40A151B05B9F204
:106A2000F701858D85FF08C0868980FF1EC0102F65
:106A30000027A02AB12A8501B401F70185A596A5F2
:106A40000E94EF31B501F70181A992A90E94EF31AF
:106A5000B601F70187A590A90E94EF31B801F701AF
:106A600083A994A90E94EF31B2CFDC2CCC248C28CE
:106A70009D286401E1CF2F923F924F925F926F92D7
:106A80007F928F929F92AF92BF92CF92DF92EF92BE
:106A9000FF920F931F93CF93DF9300D01F921F920B
:106AA000CDB7DEB79D838C838091CF07882349F0D3
:106AB000C701880F991F8E739927E1ECEE22E82A0F
:106AC000F92A37FF05C0620F731F319521953109EF
:106AD000260F371F77FF02C070E060E0EC81FD8178
:106AE00080859185281739070CF4C9016C01C61AF5
:106AF000D70A17FF05C0400F511F119501951109C5
:106B0000040F151F57FF02C050E040E0EC81FD81EB
:106B100022853385021713070CF498015901A41A32
:106B2000B50A8901015011099C01215031098C815C
:106B30009D810E94A6348B988A98EC81FD8153A593
:106B400044A580910201877880930201A5988EB1B7
:106B5000877C8EB960910201842F90E09C01A5E0B2
:106B6000220F331FAA95E1F72076262B20930201EE
:106B70006EB19C01220F331F220F331F2073262B6F
:106B80002EB964B39C01220F331F2072262B24BB25
:106B90006EB19C0135952795359527952870262B44
:106BA0002EB92091020133E0959587953A95E1F74A
:106BB0008871822B809302018998899A80910201C1
:106BC000877880930201A5988EB1877C8EB96091F9
:106BD0000201852F942F9C0145E0220F331F4A9517
:106BE000E1F72076262B209302014EB19C01220F63
:106BF000331F220F331F2073242B2EB944B39C0163
:106C0000220F331F2072242B24BB4EB19C013595DB
:106C10002795359527952870242B2EB920910201B0
:106C2000E3E095958795EA95E1F78871822B80934B
:106C300002018998899A8A9ACA14DB042CF09A2D49
:106C40008B2D5601C92ED82E2F2D30E0890185E0DD
:106C5000000F111F8A95E1F70076C901880F991F6F
:106C6000880F991F182F1073C901880F991FB82F0B
:106C7000B072C9019595879595958795982F9870CD
:106C800073E0359527957A95E1F7822F8871A701F2
:106C9000E5E0440F551FEA95E1F740769701220F92
:106CA000331F220F331F522F5073B701660F771F08
:106CB000607297013595279535952795722F7870D5
:106CC0009701E3E035952795EA95E1F7A22FA871A2
:106CD0002F2D287F30E04901880C991C880C991CC5
:106CE000F82DF073F9834901880C991CE82DE072A6
:106CF000EA8349019594879495948794F82DF870C8
:106D0000FB83E3E035952795EA95E1F7E22FE871FB
:106D10002E2E9701F3E036952795FA95E1F72C7F13
:106D200030E04901880C991C880C991CF82DF073EF
:106D30003F2E2901440C551CE42DE0724E2E4901D2
:106D40009594879495948794F82DF8705F2EF3E0CE
:106D500035952795FA95E1F7E22FE8716E2EEE0C46
:106D6000EE0CEE0CF12C9701220F331F220F331F74
:106D7000F22FF0737F2E9701220F331F2072F7013D
:106D8000F595E795F595E795E870F3E0F594E794C8
:106D9000FA95E1F73E2D3871E32E1C141D040CF01A
:106DA000ABC03091CE074501332309F463C0309165
:106DB0000201377830930201A5983EB1377C3EB985
:106DC00030910201309302013EB1F9813F2B3EB96F
:106DD00034B3FA813F2B34BB3EB1FB813F2B3EB92C
:106DE000309102013229309302018998899A3091B9
:106DF0000201377830930201A5983EB1377C3EB945
:106E000030910201309302013EB133293EB934B3CF
:106E1000342934BB3EB135293EB9309102013629BF
:106E2000309302018998899A309102013778309322
:106E30000201A5983EB1377C3EB9309102013093F2
:106E400002013EB137293EB934B3322B34BB3EB1D7
:106E50003E2B3EB9309102013E29309302018998C0
:106E6000899A31E0831A910809F0A1CFF1E0CF1A95
:106E7000D10893CF30910201377830930201A59861
:106E80003EB1377C3EB930910201302B3093020184
:106E90003EB1312B3EB934B33B2B34BB3EB1392B21
:106EA0003EB930910201382B309302018998899ABA
:106EB00030910201377830930201A5983EB1377CBA
:106EC0003EB930910201342B309302013EB1352B93
:106ED0003EB934B3362B34BB3EB1372B3EB930917B
:106EE00002013A2B309302018998899AF1E08F1AB6
:106EF000910809F0BFCFBACF8B9AEC81FD81858DC7
:106F000080FF0AC0878D90A186329541B1F4EC8153
:106F1000FD81868980FF11C0EC81FD81028513858A
:106F200001501109208531852150310950E040E0A0
:106F300070E060E0CF010E94A6340F900F900F9098
:106F40000F900F90DF91CF911F910F91FF90EF90D5
:106F5000DF90CF90BF90AF909F908F907F906F9079
:106F60005F904F903F902F900895EF92FF920F9374
:106F70001F93CF93DF937C01E90177FD4DC157FD4E
:106F80004BC1FC0180859185681779070CF044C1DD
:106F900082859385481759070CF03EC18091CF0731
:106FA000882341F0C901880F991F8E739927C17CEE
:106FB000C82BD92B8A019B01C7010E94A63480915E
:106FC000CE07882309F42FC18B988A98F70143A52F
:106FD00054A580910201877880930201A5988EB113
:106FE000877C8EB960910201852F90E09C0175E04D
:106FF000220F331F7A95E1F72076262B209302018A
:107000006EB19C01220F331F220F331F2073262BDA
:107010002EB964B39C01220F331F2072262B24BB90
:107020006EB19C0135952795359527952870262BAF
:107030002EB920910201B3E095958795BA95E1F7B5
:107040008871822B809302018998899A809102012C
:10705000877880930201A5988EB1877C8EB9609164
:107060000201CA019C0115E0220F331F1A95E1F7B6
:107070002076262B209302014EB19C01220F331F54
:10708000220F331F2073242B2EB944B39C01220FEF
:10709000331F2072242B24BB4EB19C0135952795BC
:1070A000359527952870242B2EB92091020173E085
:1070B000959587957A95E1F78871822B80930201E7
:1070C0008998899A8A9A809102018778809302012F
:1070D000A5988EB1877C8EB9209102018D2F887F73
:1070E00090E0209302014EB19C01220F331F220F2A
:1070F000331F2073242B2EB944B39C01220F331F5E
:107100002072242B24BB4EB19C01359527953595D3
:1071100027952870242B2EB920910201B3E0959574
:107120008795BA95E1F78871822B8093020189983F
:10713000899A80910201877880930201A5988EB187
:10714000877C8EB920910201CE01D3E09695879578
:10715000DA95E1F78C7F90E0209302014EB19C011B
:10716000220F331F220F331F2073242B2EB944B359
:107170009C01220F331F2072242B24BB4EB19C0193
:1071800035952795359527952870242B2EB9209174
:10719000020163E0959587956A95E1F78871822BE6
:1071A000809302018998899A80910201877880935F
:1071B0000201A5988EB1877C8EB980910201CC0F17
:1071C000CC0FCC0FD0E0809302012EB1CE01880FFE
:1071D000991F880F991F8073822B8EB924B3CE011B
:1071E000880F991F8072822B84BB2EB1CE0195959A
:1071F0008795959587958870822B8EB9809102012D
:10720000A3E0D595C795AA95E1F7C871C82BC0939F
:1072100002018998899A8B9ADF91CF911F910F91E2
:10722000FF90EF900895BE01F70183A594A5DF912B
:10723000CF911F910F91FF90EF900C94EF31EF924F
:10724000FF920F931F93CF93DF9300D000D000D015
:107250001F92CDB7DEB77C01862F8370F701868B36
:10726000962F917060FFE3C026813781F701318747
:107270002087992309F4DEC024813581F701338703
:107280002287823009F4DBC0833009F4DAC0813010
:1072900009F4D3C088E48A87F701858D968D90FF25
:1072A00003C02A8520582A8791FF04C02A8530E42C
:1072B00023272A8793FF04C02A8538E023272A87BB
:1072C000F701278D30A180FF00C12431F8E63F0788
:1072D00009F0B9C09A85892F88728A871F82892F01
:1072E00085958074282F2260892F90E09595879549
:1072F00080729927822B88878BE38987AE01495F4B
:107300005F4F63E086EB90E00E9430312AE230E08C
:10731000F70130A727A38BE290E092A781A74CE268
:1073200050E054A743A736A725A730AB27A792ABB9
:1073300081AB94AB83ABAE01465F5F4F61E086E308
:1073400090E00E9430318A8590E0F70194A383A3F6
:10735000F701868980FF1CC0858D968D92FD18C02F
:1073600087A190A521A532A530A727A392A781A721
:1073700085A596A521A932A936A725A792AB81ABF1
:1073800087A590A923A934A930AB27A794AB83ABD9
:10739000F70102851385015011092085318521509F
:1073A000310950E040E070E060E0C7010E94A6347F
:1073B000F70166817781878D90A120E08732F3E91C
:1073C0009F0709F420E2F701358D30FF39C119829A
:1073D0001A827B836C831D822E83AE014F5F5F4FC9
:1073E00066E083E390E00E94303119821A82AE0198
:1073F0004F5F5F4F62E087E390E00E943031F7011A
:10740000858D80FF07C050E040E060E083E190E0C0
:107410000E9430312A960FB6F894DEBF0FBECDBF62
:10742000DF91CF911F910F91FF90EF9008952481EC
:1074300035811CCF2681378121CF88E22CCF88E986
:107440002ACF88EF28CF273243E9340789F41F82F7
:1074500081E388878A85859585958595859588704A
:107460008987AE01495F5F4F63E080EC90E04CCFCD
:10747000233689E1380749F02138E4E93E0729F04D
:107480002131F5E13F0709F041CF8A8587FF02C02E
:1074900081608A878A8586FF02C082608A878A85A2
:1074A0008F73233649E1340731F0213884E93807F6
:1074B00021F48A858F728A8729CF2131354109F0DD
:1074C00025CF8A858F7E806CF6CF6A85862F062E23
:1074D000000C990B2339F7E73F0751F0A8F5243545
:1074E000E1E03E0709F45CC02032F4E53F07A1F576
:1074F00040E052E0F70150A747A341E052E052A715
:1075000041A742E052E054A743A740E152E056A70A
:1075100045A741E152E050AB47A742E152E052ABF0
:1075200041AB43E152E054AB43AB8827907826321D
:10753000F3E93F0721F02032344509F071C067FDBF
:10754000846060E071E36EC0263243E9340781F263
:107550002930E5EB3E0761F220E230E0F70130A789
:1075600027A321E230E032A721A722E230E034A7AE
:1075700023A720E530E036A725A721E530E030AB92
:1075800027A722E530E032AB21AB23E530E034AB76
:1075900023ABBC0166277078776280E690E046C036
:1075A00027E330E0F70136A725A726E330E030AB2C
:1075B00027A729E330E032AB21AB28E330E034AB3E
:1075C00023AB20E230E030A727A321E230E032A74E
:1075D00021A722E230E034A723A7F4E06F9FB00197
:1075E000112466277170882792708862682B792B26
:1075F00081E090E00E94EF318A85682F70E07595F8
:107600006795759567956870772783FD70616063EE
:10761000F70174A363A383E090E00E94EF3198CE5A
:1076200060E072E6682B792B80E094E00E94EF31F5
:107630006A85F4E06F9FB001112466277170D8CF7E
:107640008339F7E79F07D9F1F0F4803244E59407D6
:10765000B1F18338E7E79E0731F184359140F1F4C9
:107660006150710981E390E00E94EF3170E060E0C9
:1076700082E390E00E94EF3170E060E083E390E00D
:107680000E94EF31C7CE863223E99207C1F08930DC
:1076900045EB9407A1F08532924911F3F70161A1FE
:1076A00072A1626003C0F70161A172A181E690E05E
:1076B0000E94EF3170E060E08AE690E0E1CFF701F0
:1076C00061A172A1626081E094E00E94EF3170E0FC
:1076D00060E084E094E0D4CFEF92FF920F931F9389
:1076E000DC01ED91FC9100A0F1A1E02D7801890170
:1076F00021E030E019951F910F91FF90EF900895D0
:107700000895FC016370668B8481958126813781A1
:10771000613039F0633029F0918780873387228781
:107720000895318720879387828708952F923F920B
:107730004F925F926F927F928F929F92AF92BF9281
:10774000CF92DF92EF92FF920F931F93CF93DF932D
:10775000CDB7DEB76A970FB6F894DEBF0FBECDBFC8
:107760009A8F898F7A8369834A01D22E18870F8373
:107770003701BC2CDC0159962D913C915A9721156B
:10778000310509F015C118968D919C9119976817CC
:1077900079070CF0D7C11A968D919C91481759071B
:1077A0000CF0D0C14C2C512CB6E0CB9E600D711D5D
:1077B00011247C876B87161617060CF0C3C1EA2DBF
:1077C000F0E0FA87E98793E0EE0FFF1F9A95E1F763
:1077D000F88BEF87CF01840F951F181619060CF050
:1077E000B1C1A98DBA8D58968C91811104C0BFEAA0
:1077F000BD1508F4D394A98DBA8DED91FC91119724
:107800000284F385E02DCD011995B5E0DB9EC00122
:107810001124E981FA81FC83EB83312C212C9C011A
:107820002959334B388F2F8B4A2D50E05E8B4D8B6F
:10783000EF89F88DE20DF31D44919E828D82D12C4B
:10784000C12C69817A81620D731D7A8B698B842FBB
:1078500090E09C8B8B8BE98DFA8DA081B18140FFEC
:1078600082C0F1E0BF126FC0AF126DC01C96ED91E7
:10787000FC912F813885A4014C0D5D1D69897A89A1
:10788000898D9A8D1995EB89FC89F595E7954E2F91
:107890005FEFC51AD50A6D817E818D899E89680F3B
:1078A000791F7E836D8398E0C916D10481F6AFEF0E
:1078B0002A1A3A0AEB81FC81E40DF51DFC83EB8367
:1078C000F5E02F16310409F0B3CF2F813885261546
:1078D0003705B9F0A98DBA8DED91FC91B1E0BB12DD
:1078E00057C0AB1255C069817A816B5F7F4F0088AA
:1078F000F189E02D830128E030E0A401898D9A8D83
:107900001995A98DBA8DED91FC9111970688F7898B
:10791000E02DCD016A960FB6F894DEBF0FBECDBF45
:10792000DF91CF911F910F91FF90EF90DF90CF905B
:10793000BF90AF909F908F907F906F905F904F908F
:107940003F902F9019941E96ED91FC91EF80F88452
:1079500009851A8592014D815E816B817C81898DBB
:107960009A8D199590CF2F8138852615370509F402
:107970008ACF31E0B31207C0A31205C01C96ED9167
:10798000FC91930178CF1E96ED91FC917301E0CFAD
:107990006B857C85641975090684F785E02D730174
:1079A0000F8518899201A401898D9A8D1995A9CF07
:1079B000F90134969491329745915491D91AB7E0D0
:1079C000DB9E400D511D1124F901259134913C8B12
:1079D0002B8BFA0125903490FA01329674903196EF
:1079E0003491398B329664903196449041E04C1535
:1079F00018F04A1508F07FC0662D062C000C770B96
:107A00007C836B83842D042C000C990B9E838D83C7
:107A1000A98DBA8DED91FC9111970284F385E02D2B
:107A2000CD011995512CD12CC12CEA2DF0E0FA870B
:107A3000E9872B2D30E03C872B87A401440D511D95
:107A400047FC5A95588F4F8B69817A81660D711D5D
:107A500067FC7A957E876D877989C71608F051CFC4
:107A60002C2D30E04D815E81420F531FA985BA85D0
:107A70004A9FC0014B9F900D5A9F900D1124FC010D
:107A8000E80DF91DF88BEF87852D612C4F89588DF6
:107A9000420F531F5E8B4D8B671408F050C0442477
:107AA0004394480E877041F4C1010196EB89FC892B
:107AB000E20DF31DD4901C01D7FE19C0A98DBA8D1B
:107AC000ED91FC91662D70E0B1E0BB1219C0AB12D4
:107AD00017C02D853E85620F731F0484F585E02D48
:107AE0002F8138854D895E89898D9A8D1995DD0C98
:107AF0006394842DD1CF1E821D821C821B8288CF6D
:107B00004B815C81640F751FAB85BC856A9FC0018A
:107B10006B9F900D7A9F900D112469817A81680F77
:107B2000791F0684F785E02DEF80F88409851A8592
:107B30009D014F855889898D9A8D1995D8CF570CFD
:107B4000C3948ACF6A960FB6F894DEBF0FBECDBF3E
:107B5000DF91CF911F910F91FF90EF90DF90CF9029
:107B6000BF90AF909F908F907F906F905F904F905D
:107B70003F902F9008958F929F92AF92CF92EF9265
:107B8000FF920F931F93CF93DF93EC01262F898DE4
:107B90009A8D009709F051C06A30D1F41D861C8679
:107BA0008D8948E0849F900111248E859F85820FE6
:107BB000931F9F878E8781E090E0DF91CF911F9187
:107BC0000F91FF90EF90CF90AF909F908F9008957E
:107BD0006D3089F3CC88AD888F898823C1F08C857E
:107BE0009D8536E0C39E800D911D112448855985E1
:107BF0004817590764F44E855F851D861C8638E05A
:107C0000A39EC0011124840F951F9F878E87EA8849
:107C1000FB88088919894E855F856C857D85CE0135
:107C20000E94963B2C898C859D8546E0249F800D83
:107C3000911D11249D878C87BECF6A3069F41D8603
:107C40001C86FC013896E4912D898E859F85E29FE4
:107C5000800D911D1124ADCF6D3009F4ACCFFC0126
:107C600034963491631708F4A6CF3296E491E61760
:107C700008F4A1CFFC01329685909490462F431BC7
:107C8000342F47E0349F800C911C1124F40132966C
:107C900034913196E4913323A9F1EE2399F1CC8804
:107CA000F4013596E491AD884F89442301F10E2EFD
:107CB000000CFF0BE30FF11DCE9EA001CF9E500DD7
:107CC00011246C857D85460F571F6885798564175B
:107CD00075076CF44E855F851D861C86FC01389601
:107CE000E491AE9E400D511D11245F874E87EA88B6
:107CF000FB88088919894E855F856C857D85CE0155
:107D00000E94963BF4013496E4912C898C859D85E4
:107D1000E29F800D911D11248DCF6F927F928F92E3
:107D20009F92AF92BF92CF92DF92EF92FF920F930A
:107D30001F93CF93DF93EC016B015A013901480186
:107D4000E881F9810284F385E02D1995E881F981B4
:107D50000288F389E02D87019301A501B601CE01C8
:107D60001995A501480D591D41505109E881F98126
:107D70000288F389E02D9301B601CE011995E881BF
:107D8000F9810088F189E02D9401A501B601CE01A9
:107D90001995C60CD71CB60161507109E881F981AB
:107DA0000088F189E02D9401A501CE011995E881A3
:107DB000F9810688F789E02DCE01DF91CF911F91DF
:107DC0000F91FF90EF90DF90CF90BF90AF909F907A
:107DD0008F907F906F9019946F927F928F929F9265
:107DE000AF92BF92CF92DF92EF92FF920F931F93C9
:107DF000CF93DF935C01EB016A01490138018701F0
:107E0000DC01ED91FC916217730719F56416750694
:107E10002CF0962D872D3A01C92ED82E96012619C1
:107E200037092F5F3F4F048CF58DE02DA301BE0174
:107E3000C5011995DF91CF911F910F91FF90EF90A0
:107E4000DF90CF90BF90AF909F908F907F906F907A
:107E500008954615570591F42617370724F0892D04
:107E60004B01C22FD82F9E01281939092F5F3F4F90
:107E7000068CF78DE02DA601B401DACF0284F385DC
:107E8000E02D1995D501ED91FC910488F589E02D3F
:107E900083019401A601BE01C5011995D501ED919B
:107EA000FC910688F789E02DC501DF91CF911F91E4
:107EB0000F91FF90EF90DF90CF90BF90AF909F9089
:107EC0008F907F906F901994EF92FF920F931F9372
:107ED000DC011A960D911C911B9718962D913C91DF
:107EE0001997ED91FC9100A0F1A1E02D7B0150E0EC
:107EF00040E070E060E019951F910F91FF90EF90C6
:107F000008954F925F926F927F928F929F92AF925D
:107F1000BF92CF92DF92EF92FF920F931F93CF9376
:107F2000DF936C012B015A0139014801DC01ED910D
:107F3000FC910284F385E02D1995E201640C751C17
:107F4000D601ED91FC91C615D7055CF40088F18946
:107F5000E02D87019401A501BE01C6011995219666
:107F6000EFCF0688F789E02DC601DF91CF911F91F1
:107F70000F91FF90EF90DF90CF90BF90AF909F90C8
:107F80008F907F906F905F904F9019948F929F92F7
:107F9000AF92BF92CF92DF92EF92FF920F931F9317
:107FA000CF93DF93EC015B014A016901E881F9811C
:107FB0000284F385E02D199595012C0D3D1D21506E
:107FC0003109E881F9810488F589E02D780184017F
:107FD000A401B501CE011995E881F9810688F789D8
:107FE000E02DCE01DF91CF911F910F91FF90EF9087
:107FF000DF90CF90BF90AF909F908F9019948F9209
:108000009F92AF92BF92CF92DF92EF92FF920F9327
:108010001F93CF93DF93EC015B014A016901780163
:10802000E881F9810284F385E02D1995C80CD91CEB
:10803000860101501109E881F9810488F589E02D54
:108040009501A401B501CE011995E881F981068851
:10805000F789E02DCE01DF91CF911F910F91FF9015
:10806000EF90DF90CF90BF90AF909F908F9019943A
:10807000EF92FF920F931F93DC01ED91FC9100A012
:10808000F1A1E02D19951F910F91FF90EF900895A8
:108090000F931F93DC01ED91FC91068CF78DE02D81
:1080A00019951F910F9108950F931F93DC01ED9186
:1080B000FC91048CF58DE02D19951F910F91089579
:1080C0002F923F924F925F926F927F928F929F92E8
:1080D000AF92BF92CF92DF92EF92FF920F931F93D6
:1080E000CF93DF9300D000D000D01F921F92CDB766
:1080F000DEB73C017E836D835B874A872F8328012F
:10810000170181E090E06C01C41AD50ACA0191956B
:10811000819591099C01220F331F3A832983C8015D
:1081200001969C838B83F12CE12C88248394912CE1
:108130009B012F5F3F4F398728878A859B85E816EB
:10814000F9060CF06DC0AA84BB84D7FC0CC05C019E
:1081500091E0A91AB10829813A812E5F3F4F3A83F5
:108160002983C20ED31E3FEFE31AF30A82E0880E82
:10817000911CC80CD91CAE14BF0444F42A853B855D
:108180002A153B05D1F4BB86AA86D7CF9501220FCD
:10819000331F4D815E814A195B098F81813019F54A
:1081A0008B819C81280F391F8101B701660D771DD6
:1081B0008BE799E00E945440E1CF9F81913029F5EF
:1081C000940122503109240D351D6A857B85660D89
:1081D000771D8101488559854E195F098BE799E024
:1081E0000E945440D0CF8B819C81280F391F810180
:1081F000B3016E197F098BE799E00E9454402A85EC
:108200003B852A153B0509F4BECF94012250310964
:10821000240D351DB3018A859B85681B790BD9CF49
:108220002B960FB6F894DEBF0FBECDBFDF91CF9176
:108230001F910F91FF90EF90DF90CF90BF90AF9084
:108240009F908F907F906F905F904F903F902F9076
:1082500008956F927F928F929F92AF92BF92CF922A
:10826000DF92EF92FF920F931F93CF93DF933C0126
:10827000EB016A0159014C0184E0880E911C9A01BE
:108280002850310975010AE110E0AB01B4018BE718
:1082900099E00E9438402496C601860D971D01E1A1
:1082A00010E021E044E050E0BE0105970E946040EC
:1082B00022E044E050E0BE01C4010E946040DF9132
:1082C000CF911F910F91FF90EF90DF90CF90BF90D3
:1082D000AF909F908F907F906F900895DC01ED910B
:1082E000FC910084F185E02D19942F923F924F92DA
:1082F0005F926F927F928F929F92AF92BF92CF9236
:10830000DF92EF92FF920F931F93CF93DF937C0145
:108310006B01EA0181E090E05C01A41AB50A6624D1
:108320007724641A750A660C771C10E000E0882434
:108330008394912C822F8470582E822F8270482E25
:10834000822F8870382E2170222E0C171D070CF0FA
:1083500079C0B7FC06C0219782E0680E711CA60C9C
:10836000B71C0F5F1F4F82E0880E911CA80CB91C30
:108370005520C1F02FEF37E0AE014C0D5D1DB70168
:10838000600F711F8BE799E00E946E412FEF37E07D
:10839000A601400F511FBE016E0D7F1D8BE799E0B6
:1083A0000E946E414420C1F02FEF37E0A6014C1B24
:1083B0005D0BB701600F711F8BE799E00E946E4162
:1083C0002FEF37E0A601401B510BBE016E0D7F1D44
:1083D0008BE799E00E946E413320C1F02FEF37E028
:1083E000A601400F511FB7016C1B7D0B8BE799E075
:1083F0000E946E412FEF37E0AE014C0D5D1DB701BD
:10840000601B710B8BE799E00E946E41222009F4FA
:108410009CCF2FEF37E0A601401B510BB7016C1B1F
:108420007D0B8BE799E00E946E412FEF37E0A601AC
:108430004C1B5D0BB701601B710B8BE799E00E9431
:108440006E4183CFDF91CF911F910F91FF90EF90FD
:10845000DF90CF90BF90AF909F908F907F906F9064
:108460005F904F903F902F900895AF92BF92CF9220
:10847000DF92EF92FF920F931F93CF93DF937C01D4
:10848000EB016C0184E0C80ED11C0FEF17E021E175
:1084900030E0AB01B6018BE799E00E944840AE01A5
:1084A000435E5F4F21E130E0B6018BE799E00E9427
:1084B00048405E0184E0A80EB11C26E130E0A50131
:1084C000B7018BE799E00E945440B701685E7F4F87
:1084D00026E130E0A5018BE799E00E94544021E0BD
:1084E00044E050E0B501C6010E94754184E1E80E08
:1084F000F11C22E044E050E0B501C7010E94754143
:10850000699624E044E050E0BE01C7010E94754135
:1085100028E044E050E0BE01C601DF91CF911F91F9
:108520000F91FF90EF90DF90CF90BF90AF900C94A1
:1085300075412F923F924F925F926F927F928F92EE
:108540009F92AF92BF92CF92DF92EF92FF920F93E2
:108550001F93CF93DF9300D000D0CDB7DEB73C019F
:108560006A013E832D83FC82EB825801A41AB50A6E
:10857000B7FE03C0B194A194B1088D809E80861A85
:10858000970A97FE03C09194819491088A149B04E2
:108590005CF0902F812F0D811E819D838E839C2DF9
:1085A0008D2D6B01692F782F0C151D055CF09D81B9
:1085B0008E817E836D83692F782F902F812F860186
:1085C000C92ED82E1601201A310A2B012D813E8189
:1085D000421A530A57FE03C0519441945108710145
:1085E00037FE03C03FEFE31AF30AF594E7948D8159
:1085F0009E81861797075CF5A1E0B0E0BA83A98356
:10860000C016D1064CF1D301ED91FC910484F5859F
:10861000E02D2B813C81A8016D817E818A149B0411
:108620001CF04D815E81B801C3011995E418F5086D
:10863000F7FE0AC02D813E8189819A81280F391F5A
:108640003E832D83E20CF31C0F5F1F4FD9CF2FEF1A
:108650003FEF3A832983D4CF26960FB6F894DEBF36
:108660000FBECDBFDF91CF911F910F91FF90EF9083
:10867000DF90CF90BF90AF909F908F907F906F9042
:108680005F904F903F902F900895089590E080E084
:108690000895EF92FF920F931F93DC01ED91FC91EF
:1086A00000A0F1A1E02D780101E010E019951F91E3
:1086B0000F91FF90EF900895AF92BF92CF92DF920B
:1086C000EF92FF920F931F93CF93DF9300D000D0D0
:1086D000CDB7DEB70E94C02A29833A834B835C83DF
:1086E0006D837E83C980DA80EB80FC800D811E81E2
:1086F0001093440800934308D0924108C092400868
:10870000F0923F08E0923E0861E08DE00E941A2A54
:1087100080E3A82E85E7B82E083C110594F40E944A
:10872000C02A29833A834B835C836D837E83C9800F
:10873000DA80EB80FC800D811E8181E0A81AB108EF
:1087400059F71093440800934308D0924108C0920F
:108750004008F0923F08E0923E0861E088E30E9402
:10876000482A61E089E30E94482A61E088E30E9488
:108770001A2A61E089E30E941A2A60E08DE02696B9
:108780000FB6F894DEBF0FBECDBFDF91CF911F9122
:108790000F91FF90EF90DF90CF90BF90AF900C942F
:1087A0001A2A8FEF9FEF9093D3078093D20780917F
:1087B000D6079091D7078233910509F459C00CF57B
:1087C0008931910509F445C07CF48F309105D9F1C8
:1087D00084319105D9F10A9731F481E090E09093CA
:1087E000D3078093D207089583329105C1F11CF419
:1087F0004E9791F1089588329105A1F18D97A9F1D5
:1088000008958B34910509F442C074F48C339105BA
:10881000A9F11CF4C79779F108958134910589F184
:108820008634910589F1089585359105B1F124F4D7
:108830008035910579F108958A35910589F18F3553
:10884000910589F1089582E090E0C9CF83E090E03E
:10885000C6CF84E090E0C3CF85E090E0C0CF86E053
:1088600090E0BDCF87E090E0BACF88E090E0B7CF4E
:1088700089E090E0B4CF8AE090E0B1CF8BE090E067
:10888000AECF8CE090E0ABCF8DE090E0A8CF8EE053
:1088900090E0A5CF8FE090E0A2CF80E190E09FCF65
:1088A00081E190E09CCF82E190E099CF8FEF9FEF44
:1088B0009093D5078093D4078091D8079091D907DA
:1088C0008C33910509F456C00CF58332910509F4F7
:1088D00042C07CF489319105C1F18E319105C1F11D
:1088E000449731F481E090E09093D5078093D407CA
:1088F00008958D329105A9F11CF4889779F10895B6
:108900008233910589F1C79791F1089580359105DA
:10891000D1F164F48634910581F18B34910581F1B4
:108920008134910529F78AE090E0DECF8A35910500
:1089300081F124F48535910549F108958F3591052C
:1089400059F18436910559F1089582E090E0CCCF39
:1089500083E090E0C9CF84E090E0C6CF85E090E06E
:10896000C3CF86E090E0C0CF87E090E0BDCF88E045
:1089700090E0BACF89E090E0B7CF8BE090E0B4CF41
:108980008CE090E0B1CF8DE090E0AECF8EE090E053
:10899000ABCF8FE090E0A8CF80E190E0A5CF81E160
:1089A00090E0A2CFEF92FF920F931F93DC011A96F3
:1089B0000D911C911B9718962D913C911997ED9153
:1089C000FC9100A0F1A1E02D7B0150E040E070E0BF
:1089D00060E019951F910F91FF90EF900895BF925D
:1089E000CF92DF92EF92FF920F931F93CF93DF937B
:1089F000EC01B62EC72E8D85811105C0CE010E94D7
:108A00004C3081110EC01B861D861C8680E0DF91D4
:108A1000CF911F910F91FF90EF90DF90CF90BF907B
:108A2000089560EFCE010E94003001E0E12CD12CCE
:108A300011E0CE010E94AD2FF82ECE010E94AD2F85
:108A400091E0F91218C0813099F51134E0F2DB861B
:108A5000D11002C081E08D878B818823A1F22396FB
:108A6000EB2DFC2DCF01089629912193E817F907EA
:108A7000D9F781E0CCCFEE2DF0E0F8120FC08B8556
:108A80001817A0F4DE01AE0FBF1F13968C91802340
:108A900079F4F12C193008F41C87D12EEC0FFD1F4E
:108AA0008381902F9095892383830AC08113F1CF0E
:108AB000FE01EE0DF11D8381802B8383FF24F3944F
:108AC0006F2DCE010E94D12F1F5F000F11F4E39490
:108AD00001E087E08E1508F0ACCFB7CFEF92FF92A0
:108AE0000F931F93CF93DF9386EBE82E87E0F82E4A
:108AF000CFE6D0E010E000E0CE010E94DF82F70177
:108B0000219131917F018217130611F40F5F1F4FDE
:108B10002196C737D10581F70830110551F481E05E
:108B200080934508DF91CF911F910F91FF90EF90B7
:108B3000089510924508F6CFFC0101900020E9F756
:108B40003197AF01481B590BBC018BE799E00C949E
:108B50004F2C88E492E00C949C45CF93DF930E94C5
:108B60007C2CEC010E94A9458C0F9D1FDF91CF91B9
:108B700008958F929F92AF92BF920F931F93CF93BE
:108B8000DF93CDB7DEB7A1970FB6F894DEBF0FBE67
:108B9000CDBF19A2423008F44AE08E010F5D1F4F8D
:108BA000842E912CB12CA12CA50194010E94F58258
:108BB000E62FB901CA01EA30F4F4E05DD801EE9382
:108BC0008D01232B242B252B79F790E080E0109743
:108BD00019F0CD010E949C45A1960FB6F894DEBF16
:108BE0000FBECDBFDF91CF911F910F91BF90AF907E
:108BF0009F908F900895E95CE1CF462F682F70E039
:108C000090E080E00C94B945CF92DF92EF92FF9212
:108C1000CF93DF936C01990FEE08FF08F7FE19C0A0
:108C20006DE28BE799E00E94BB3DEC016627772758
:108C3000CB016C197D098E099F094AE00E94B94554
:108C40008C0F9D1FDF91CF91FF90EF90DF90CF9021
:108C500008954AE0C701B601DF91CF91FF90EF90F0
:108C6000DF90CF900C94B945CF93DF930E949C4541
:108C7000EC010E94A9458C0F9D1FDF91CF910895B3
:108C80006FEF7FEF8BE799E00E94D24485E090E0A0
:108C9000909388098093870990938A098093890922
:108CA00010928E0910928D0910928C0910928B09E6
:108CB00082E080938F09809390098AE492E00E9479
:108CC00034468AE492E00E9434468AE492E00E94AC
:108CD00034468BE492E00E9434468EE592E00E9496
:108CE000344680E792E00E94344668E873E180E011
:108CF00090E00E941C2C88E198E00FB6F894A895AB
:108D0000809360000FBE90936000FFCF0C949C4551
:108D10002F923F924F925F927F928F929F92AF924B
:108D2000BF92CF92DF92EF92FF920F931F93CF9358
:108D3000DF93609179098BE799E00E941F3970E019
:108D400060E08BE799E00E94D244CBE7D9E0288528
:108D500039858FE1E82EF12C0EE110E050E040E083
:108D600070E060E0CE010E943B3505E010E01D8719
:108D70000C871F870E878FEF9FEF9B8B8A8B998BBA
:108D8000888B92E0792E7C8A7D8A81E892E00E942D
:108D900034461D870C8788E290E09F878E87288560
:108DA0003985EE24EA9447E0F42E0EE110E04FE11D
:108DB00050E070E060E0CE010E943B351B8A1A8AC9
:108DC000198A188A7C8A7D8A85E992E00E94344655
:108DD00028853985F12CE12C49E650E070E060E00F
:108DE000CE010E943B352885398548EA50E070E085
:108DF00060E0CE010E943B3550EEC52E57E0D52EE7
:108E0000DB8ACA8AD98AC88A7C8A7D8A03E010E014
:108E10001D870C8760E5A62EB12CBF86AE8686E73F
:108E200097E00E9434460E94A9451D870C8772E88E
:108E3000872E912C9F868E868AEC94E00E94344681
:108E40000E94A9451D870C87E2EB4E2E512C5F86B0
:108E50004E868AED96E00E9434460E94A9451D8701
:108E60000C87F3EE2F2E312C3F862E8689EA92E076
:108E70000E9434460E94A94567E470E081E190E0D9
:108E80000E94354267E470E081E590E00E9435423F
:108E900067E470E089E890E00E94354267E470E0A2
:108EA0008BEC90E00E94354269E770E081E190E050
:108EB0000E94354269E770E081E590E00E9435420A
:108EC00069E770E089E890E00E94354269E770E068
:108ED0008BEC90E00E9435426BEA70E081E190E01B
:108EE0000E9435426BEA70E081E590E00E943542D5
:108EF0006BEA70E089E890E00E9435426BEA70E02E
:108F00008BEC90E00E9435426DED70E081E190E0E5
:108F10000E9435426DED70E081E590E00E9435429F
:108F20006DED70E089E890E00E9435426DED70E0F3
:108F30008BEC90E00E9435420A851B852885398597
:108F4000A8014C535109A0EEEA2EFF24FA9470E0D8
:108F500060E0CE010E943B350A851B852885398556
:108F6000A8014E515109F12CE12C70E060E0CE01D6
:108F70000E943B356A857B856953710920E038EF93
:108F80004BE450E081E090E00E9429416A857B85B6
:108F900069537109888599852FE130E04BE450E0F1
:108FA000805591090E9429418A859B85C1979F8799
:108FB0008E8708E010E01D870C878FEF9FEF9B8B5B
:108FC0008A8B998B888B7C8A7D8A8BEA92E00E94BF
:108FD00034468FEF9FEF9B8B8A8B998B888B7C8A93
:108FE0007D8A888599852A853B85215331093F876C
:108FF0002E87865491099D878C8781EB92E00E9491
:1090000034468A859B8543971D870C879F878E876B
:10901000DB8ACA8AD98AC88A81E08C8B8D8B86EBE1
:1090200092E00E94864689E190E09D878C87BF860A
:10903000AE86E12CB8EFFB2EFB8AEA8AF98AE88A31
:109040007C8A7D8A87ED92E00E9486468BE290E0E2
:109050009D878C87BF86AE86DB8ACA8AD98AC88AF2
:109060007C8A7D8A85E690E00E94DF826AE070E07B
:109070000E94FD450FE110E01B8B0A8B198B088BBA
:109080007C8A7D8A8AE590E09D878C87BF86AE8644
:109090008AED92E00E94864681E990E09D878C8768
:1090A000BF86AE86FB8AEA8AF98AE88A7C8A7D8A4C
:1090B00087ED92E00E94864683EA90E09D878C8748
:1090C000BF86AE86DB8ACA8AD98AC88A7C8A7D8AAC
:1090D0008AE690E00E94DF826AE070E00E94FD452F
:1090E0001B8B0A8B198B088B7C8A7D8A82ED90E022
:1090F0009D878C87BF86AE868AED92E00E94864669
:1091000089E190E09D878C879F868E86FB8AEA8A1C
:10911000F98AE88A7C8A7D8A87ED92E00E948646F9
:109120008BE290E09D878C879F868E86DB8ACA8A39
:10913000D98AC88A7C8A7D8A86E690E00E94DF828E
:109140006AE070E00E94FD451B8B0A8B198B088B2F
:109150007C8A7D8A8AE590E09D878C879F868E86B3
:109160008AED92E00E94864681E990E09D878C8797
:109170009F868E86FB8AEA8AF98AE88A7C8A7D8ABB
:1091800087ED92E00E94864683EA90E09D878C8777
:109190009F868E86DB8ACA8AD98AC88A7C8A7D8A1B
:1091A0008BE690E00E94DF826AE070E00E94FD455D
:1091B0001B8B0A8B198B088B7C8A7D8A82ED90E051
:1091C0009D878C879F868E868AED92E00E948646D8
:1091D00089E190E09D878C875F864E86FB8AEA8ACC
:1091E000F98AE88A7C8A7D8A87ED92E00E94864629
:1091F0008BE290E09D878C875F864E86DB8ACA8AE9
:10920000D98AC88A7C8A7D8A87E690E00E94DF82BC
:109210006AE070E00E94FD451B8B0A8B198B088B5E
:109220007C8A7D8A8AE590E09D878C875F864E8662
:109230008AED92E00E94864681E990E09D878C87C6
:109240005F864E86FB8AEA8AF98AE88A7C8A7D8A6A
:1092500087ED92E00E94864683EA90E09D878C87A6
:109260005F864E86DB8ACA8AD98AC88A7C8A7D8ACA
:109270008CE690E00E94DF826AE070E00E94FD458B
:109280001B8B0A8B198B088B7C8A7D8A82ED90E080
:109290009D878C875F864E868AED92E00E94864687
:1092A00089E190E09D878C873F862E86FB8AEA8A3B
:1092B000F98AE88A7C8A7D8A87ED92E00E94864658
:1092C0008BE290E09D878C873F862E86DB8ACA8A58
:1092D000D98AC88A7C8A7D8A88E690E00E94DF82EB
:1092E0006AE070E00E94FD451B8B0A8B198B088B8E
:1092F0007C8A7D8A8AE590E09D878C873F862E86D2
:109300008AED92E00E94864681E990E09D878C87F5
:109310003F862E86FB8AEA8AF98AE88A7C8A7D8AD9
:1093200087ED92E00E94864683EA90E09D878C87D5
:109330003F862E86DB8ACA8AD98AC88A7C8A7D8A39
:109340008DE690E00E94DF826AE070E00E94FD45B9
:109350001B8B0A8B198B088B7C8A7D8A82ED90E0AF
:109360009D878C873F862E868AED92E0DF91CF9194
:109370001F910F91FF90EF90DF90CF90BF90AF9033
:109380009F908F907F905F904F903F902F900C9484
:1093900086462F923F925F926F927F928F929F921A
:1093A000AF92BF92CF92DF92EF92FF920F931F93F3
:1093B000CF93DF9370E060E08BE799E00E94D244A6
:1093C000D0914508D13009F038C108E010E0109381
:1093D00088090093870988E290E090938A09809336
:1093E00089098FEF9FEF90938E0980938D09909359
:1093F0008C0980938B09C2E0C0938F09C0939009B8
:109400008CED92E00E9434468AE492E00E94344659
:10941000109388090093870984E690E090938A0965
:109420008093890980EE97E090938E0980938D094F
:1094300090938C0980938B09C0938F09C0939009F6
:109440008CEE92E00E9434468CEF92E00E9434460B
:109450008AE492E00E943446D0938F09D093900919
:10946000C0E5D7E4FE016491662339F08BE799E00B
:109470000E94BB3D2196892BA9F783E799E00E94C2
:109480007C2C80E69AEF90938E0980938D099093BF
:109490008C0980938B09C1E0C0938F09C093900918
:1094A00085E590E0909388098093870988EC90E0A7
:1094B00090938A09809389098CE093E00E94344656
:1094C0008AE492E00E94344688E290E09093880912
:1094D000809387098CED90E090938A0980938909A5
:1094E00088E193E00E9434468AE492E00E94344688
:1094F0008AE492E00E9434464091850950918609A1
:109500008A010F5F1F4F20918309309184094C53CA
:109510005109D0EEED2EFF24FA9470E060E08BE765
:1095200099E00E943B3500918509109186092091B0
:10953000830930918409A8014E515109F12CE12C85
:1095400070E060E08BE799E00E943B3580918509EF
:1095500090918609439728E030E030938809209362
:10956000870990938A098093890980EE97E0909308
:109570008E0980938D0990938C0980938B09C093F9
:109580008F09C0939009CFE6D0E0CE010E94DF8220
:109590006AE070E00E94FD4581E095E00E94864609
:1095A0002196C737D10589F76091850970918609A1
:1095B0006953710980918309909184092FE130E00A
:1095C0004BE450E0805591090E9429418091850922
:1095D00090918609C19790938A09809389098FEFAA
:1095E0009FEF90938E0980938D0990938C098093BF
:1095F0008B0982E080938F09809390098091830981
:1096000090918409865491099093880980938709E1
:1096100081EB92E0DF91CF911F910F91FF90EF903E
:10962000DF90CF90BF90AF909F908F907F906F9082
:109630005F903F902F900C94344620918309309195
:1096400084098FE1E82EF12C0EE110E050E040E0BB
:1096500070E060E08BE799E00E943B35C5E0D0E028
:10966000D0938809C0938709D0938A09C093890948
:1096700022242A94322C30928E0920928D09309225
:109680008C0920928B0922E0522E50928F09509221
:10969000900982E393E00E943446D0938809C093F6
:1096A000870988E290E090938A0980938909209144
:1096B000830930918409EE24EA9447E0F42E4FE1C7
:1096C00050E070E060E08BE799E00E943B3510923B
:1096D0008E0910928D0910928C0910928B0950926C
:1096E0008F095092900983E493E00E943446C0EEC3
:1096F000D7E0D0938E09C0938D09D0938C09C09385
:109700008B0950928F095092900903E010E010935A
:1097100088090093870950E5A52EB12CB0928A09DB
:10972000A092890981E095E00E9434460E94A945F3
:10973000109388090093870962E8C62ED12CD09235
:109740008A09C092890981E095E00E9434460E940E
:10975000A945109388090093870972EB872E912CF5
:1097600090928A098092890981E095E00E943446AE
:109770000E94A9451093880900938709E3EE6E2E95
:10978000712C70928A096092890981E095E00E94AB
:1097900034460E94A94567E470E081E190E00E94B0
:1097A000354267E470E081E590E00E94354267E46D
:1097B00070E089E890E00E94354267E470E08BEC4D
:1097C00090E00E94354269E770E081E190E00E94FC
:1097D000354269E770E081E590E00E94354269E733
:1097E00070E089E890E00E94354269E770E08BEC18
:1097F00090E00E9435426BEA70E081E190E00E94C7
:1098000035426BEA70E081E590E00E9435426BEAF8
:1098100070E089E890E00E9435426BEA70E08BECE2
:1098200090E00E9435426DED70E081E190E00E9491
:1098300035426DED70E081E590E00E9435426DEDBE
:1098400070E089E890E00E9435426DED70E08BECAD
:1098500090E00E94354289E190E0909388098093DE
:109860008709B0928A09A0928909E12CF8EFFF2EAE
:10987000F0928E09E0928D09F0928C09E0928B09AA
:1098800050928F095092900987ED92E00E9486468F
:10989000ECE2F0E0F0938809E0938709B0928A093E
:1098A000A0928909D0938E09C0938D09D0938C0919
:1098B000C0938B0950928F09509290098FE690E0E7
:1098C0000E94DF826AE070E00E94FD450FE110E037
:1098D00010938E0900938D0910938C0900938B09C6
:1098E00050928F09509290098AE590E090938809F0
:1098F00080938709B0928A09A09289098AED92E043
:109900000E948646E1E9F0E0F0938809E093870938
:10991000B0928A09A0928909F0928E09E0928D098D
:10992000F0928C09E0928B0950928F095092900925
:1099300087ED92E00E94864684EA90E09093880941
:1099400080938709B0928A09A0928909D0938E09E1
:10995000C0938D09D0938C09C0938B0950928F09C5
:109960005092900980E790E00E94DF826AE070E008
:109970000E94FD4510938E0900938D0910938C0968
:1099800000938B0950928F0950929009E2EDF0E01C
:10999000F0938809E0938709B0928A09A092890917
:1099A0008AED92E00E94864689E190E090938809D2
:1099B00080938709D0928A09C0928909F0928E0912
:1099C000E0928D09F0928C09E0928B0950928F09F8
:1099D0005092900987ED92E00E948646ECE2F0E01A
:1099E000F0938809E0938709D0928A09C092890987
:1099F000D0938E09C0938D09D0938C09C0938B09A5
:109A000050928F095092900981E790E00E94DF8286
:109A10006AE070E00E94FD4510938E0900938D0965
:109A200010938C0900938B0950928F0950929009E2
:109A30008AE590E09093880980938709D0928A09FB
:109A4000C09289098AED92E00E948646E1E9F0E041
:109A5000F0938809E0938709D0928A09C092890916
:109A6000F0928E09E0928D09F0928C09E0928B09B8
:109A700050928F095092900987ED92E00E9486469D
:109A800084EA90E09093880980938709D0928A09AC
:109A9000C0928909D0938E09C0938D09D0938C0907
:109AA000C0938B0950928F095092900982E790E001
:109AB0000E94DF826AE070E00E94FD4510938E09EB
:109AC00000938D0910938C0900938B0950928F0994
:109AD00050929009E2EDF0E0F0938809E093870955
:109AE000D0928A09C09289098AED92E00E94864646
:109AF00089E190E0909388098093870990928A0980
:109B000080928909F0928E09E0928D09F0928C0979
:109B1000E0928B0950928F095092900987ED92E064
:109B20000E948646ECE2F0E0F0938809E093870912
:109B300090928A0980928909D0938E09C0938D09E9
:109B4000D0938C09C0938B0950928F095092900941
:109B500083E790E00E94DF826AE070E00E94FD45AA
:109B600010938E0900938D0910938C0900938B0933
:109B700050928F09509290098AE590E0909388095D
:109B80008093870990928A09809289098AED92E0F0
:109B90000E948646E1E9F0E0F0938809E0938709A6
:109BA00090928A0980928909F0928E09E0928D093B
:109BB000F0928C09E0928B0950928F095092900993
:109BC00087ED92E00E94864684EA90E090938809AF
:109BD0008093870990928A0980928909D0938E098F
:109BE000C0938D09D0938C09C0938B0950928F0933
:109BF0005092900984E790E00E94DF826AE070E072
:109C00000E94FD4510938E0900938D0910938C09D5
:109C100000938B0950928F0950929009E2EDF0E089
:109C2000F0938809E093870990928A0980928909C4
:109C30008AED92E00E94864689E190E0909388093F
:109C40008093870970928A0960928909F0928E093F
:109C5000E0928D09F0928C09E0928B0950928F0965
:109C60005092900987ED92E00E948646ECE2F0E087
:109C7000F0938809E093870970928A0960928909B4
:109C8000D0938E09C0938D09D0938C09C0938B0912
:109C900050928F095092900985E790E00E94DF82F0
:109CA0006AE070E00E94FD4510938E0900938D09D3
:109CB00010938C0900938B0950928F095092900950
:109CC0008AE590E0909388098093870970928A09C9
:109CD000609289098AED92E00E948646E1E9F0E00F
:109CE000F0938809E093870970928A096092890944
:109CF000F0928E09E0928D09F0928C09E0928B0926
:109D000050928F095092900987ED92E00E9486460A
:109D100084EA90E0909388098093870970928A0979
:109D200060928909D0938E09C0938D09D0938C09D4
:109D3000C0938B0950928F095092900986E790E06A
:109D40000E94DF826AE070E00E94FD4510938E0958
:109D500000938D0910938C0900938B0950928F0901
:109D600050929009E2EDF0E0F0938809E0938709C2
:109D700070928A09609289098AED92E00E94864673
:109D800040918509509186098A010F5F1F4F2091EC
:109D90008309309184094C535109A0EEEA2EFF2427
:109DA000FA9470E060E08BE799E00E943B356091A7
:109DB000850970918609B8E0CB2ED12CD092880904
:109DC000C0928709CB01439790938A0980938909B0
:109DD000695371092FE130E04BE450E081E090E0FD
:109DE0000E94294160918509709186096953710922
:109DF00080918309909184092FE130E040E550E0A3
:109E0000855591090E942941809185099091860983
:109E1000C19790938A0980938909D0928809C0924A
:109E2000870930928E0920928D0930928C092092F8
:109E30008B0950928F09509290098BEA92E00E9410
:109E4000344630928E0920928D0930928C092092EE
:109E50008B0950928F0950929009809185099091B9
:109E60008609C197209183093091840920553109D1
:109E7000309388092093870990938A0980938909F0
:109E800087E593E00E943446009185091091860988
:109E90002091830930918409A8014E515109F12C78
:109EA000E12C70E060E08BE799E00E943B35809107
:109EB0008509909186094397D0928809C0928709B5
:109EC00090938A0980938909D0938E09C0938D0954
:109ED000D0938C09C0938B0981E080938F09809384
:109EE000900981E095E00E948646C6ECD7E060E1EB
:109EF00070E089910E94FD4581E095E00E948646D0
:109F0000F7E0CE3CDF0799F7DF91CF911F910F91DA
:109F1000FF90EF90DF90CF90BF90AF909F908F9089
:109F20007F906F905F903F902F9008952F923F9277
:109F30004F925F927F928F929F92AF92BF92CF92F9
:109F4000DF92EF92FF920F931F93CF93DF93609175
:109F500079098BE799E00E941F3970E060E08BE798
:109F600099E00E94D244CBE7D9E0288539858FE17A
:109F7000E82EF12C0EE110E050E040E070E060E0EF
:109F8000CE010E943B3505E010E01D870C871F873E
:109F90000E87AA24AA94BA2CBB8AAA8AB98AA88A4C
:109FA00022E0722E7C8A7D8A8EE593E00E948646AE
:109FB0001D870C8788E290E09F878E8728853985EA
:109FC000EE24EA9447E0F42E0EE110E04FE150E079
:109FD00070E060E0CE010E943B351B8A1A8A198A24
:109FE000188A7C8A7D8A82E793E00E94864667EF22
:109FF000CE010E94BB3D86E793E00E9486462885FD
:10A000003985F12CE12C49E650E070E060E0CE01AA
:10A010000E943B352885398548EA50E070E060E0D1
:10A02000CE010E943B3550EEC52E57E0D52EDB8A7F
:10A03000CA8AD98AC88A7C8A7D8A1D861C8660E580
:10A04000462E512C5F864E8685E893E00E9434466A
:10A050000E94A9451D861C8672E8272E312C3F865A
:10A060002E8680E993E00E9434460E94A9451D8611
:10A070001C8682EB90E09F878E878BE993E00E949D
:10A0800034460E94A9451D861C8683EE90E09F877A
:10A090008E8784EA93E00E9434460E94A94567E4D3
:10A0A00070E089E890E00E94354267E470E08BEC54
:10A0B00090E00E94354269E770E089E890E00E94F4
:10A0C000354269E770E08BEC90E00E9435426BEA24
:10A0D00070E089E890E00E9435426BEA70E08BEC1A
:10A0E00090E00E9435426DED70E089E890E00E94BA
:10A0F00035426DED70E08BEC90E00E9435420A85B0
:10A100001B8528853985A8014C535109E0EEEE2EB8
:10A11000FF24FA9470E060E0CE010E943B350A858E
:10A120001B8528853985A8014E515109F12CE12C58
:10A1300070E060E0CE010E943B356A857B85695303
:10A14000710920E038EF4BE450E081E090E00E949C
:10A1500029416A857B8569537109888599852FE135
:10A1600030E04BE450E0805591090E9429418A85F6
:10A170009B85C1979F878E8708E010E01D870C871D
:10A18000BB8AAA8AB98AA88A7C8A7D8A8BEA92E0ED
:10A190000E943446BB8AAA8AB98AA88A7C8A7D8AA8
:10A1A000888599852A853B85215331093F872E87EC
:10A1B000865491099D878C8781EB92E00E943446FA
:10A1C0008A859B8543971D870C879F878E87DB8AAF
:10A1D000CA8AD98AC88A81E08C8B8D8B86EB92E003
:10A1E0000E948646F1E9AF2EB12CBD86AC865F8613
:10A1F0004E86812CA8EF9A2E9B8A8A8A998A888A11
:10A200007C8A7D8A87ED92E00E948646DB8ACA8A34
:10A21000D98AC88A7C8A7D8A809113099091140911
:10A220000E9404460FE110E01B8B0A8B198B088BF0
:10A230007C8A7D8AB2EDEB2EF12CFD86EC865F8662
:10A240004E868AED92E00E948646BD86AC863F86A9
:10A250002E869B8A8A8A998A888A7C8A7D8A87ED5B
:10A2600092E00E948646DB8ACA8AD98AC88A7C8A9A
:10A270007D8A80911109909112090E9404461B8BDE
:10A280000A8B198B088B7C8A7D8AFD86EC863F863B
:10A290002E868AED92E00E948646BD86AC8682EBD1
:10A2A00090E09F878E879B8A8A8A998A888A7C8A8F
:10A2B0007D8A87ED92E00E948646DB8ACA8AD98A27
:10A2C000C88A7C8A7D8A80910F09909110090E942A
:10A2D00004461B8B0A8B198B088B7C8A7D8AFD8632
:10A2E000EC8682EB90E09F878E878AED92E00E9459
:10A2F0008646BD86AC8683EE90E09F878E879B8ADC
:10A300008A8A998A888A7C8A7D8A87ED92E00E946F
:10A310008646DB8ACA8AD98AC88A7C8A7D8A8091E5
:10A320000D0990910E090E9404461B8B0A8B198B14
:10A33000088B7C8A7D8AFD86EC8683EE90E09F8781
:10A340008E878AED92E0DF91CF911F910F91FF9060
:10A35000EF90DF90CF90BF90AF909F908F907F90C5
:10A360005F904F903F902F900C9486464F925F9253
:10A370006F927F928F929F92AF92BF92CF92DF9215
:10A38000EF92FF921F93CF93DF936B017C01142F09
:10A39000AC019B010E94D984882399F08DEA93E057
:10A3A000DF91CF911F91FF90EF90DF90CF90BF9002
:10A3B000AF909F908F907F906F905F904F900C9494
:10A3C0009C4546015701E894B7F82FEF3FEF4FE760
:10A3D0005FE7C501B4010E94D98481110DC02FEF40
:10A3E0003FEF4FE75FE7C501B4010E94BB8118163C
:10A3F0001CF481EB93E0D4CF2FEF3FEF4FE75FE406
:10A40000C701B6010E94348418161CF485EB93E052
:10A41000C7CF2FEF3FEF4FE75FECC701B6010E94B8
:10A42000BB8187FDF3CF20E030E0A901C701B60171
:10A430000E94BB81D0E0C0E087FF0AC06DE28BE7DD
:10A4400099E00E94BB3DEC01F7FAF094F7F8F09424
:10A4500020E060E070E080E09FE3211740F420E01E
:10A4600030E040E251E40E948C8321E0F6CFA70166
:10A4700096010E9420832B013C010E9405844B0120
:10A480005C014AE00E94B945C80FD91F112309F1A8
:10A490006EE28BE799E00E94BB3D6C01C501B401FF
:10A4A0000E94C0819B01AC01C301B2010E941F83C5
:10A4B00020E030E040E251E40E9421820E940584C5
:10A4C00090E080E04AE00E94B9458C0D9D1DC80FC8
:10A4D000D91FCE01DF91CF911F91FF90EF90DF90B8
:10A4E000CF90BF90AF909F908F907F906F905F9034
:10A4F0004F900895FC0180819181009711F00C9498
:10A500005F860895CF9382E890E00E94DF828431D5
:10A5100070F464E182E890E00E94E78282E890E0D3
:10A520000E94DF8290E0909314098093130982E8DF
:10A5300090E00E94DF82873470F066E482E890E069
:10A540000E94E78282E890E00E94DF8290E0909390
:10A5500014098093130983E890E00E94DF82883217
:10A5600070F468E283E890E00E94E78283E890E07C
:10A570000E94DF8290E0909312098093110983E892
:10A5800090E00E94DF82853670F064E683E890E018
:10A590000E94E78283E890E00E94DF8290E090933F
:10A5A00012098093110982E890E00E94DF82C82F8F
:10A5B00083E890E00E94DF822C2F30E0275F3F4F3E
:10A5C0008217130609F09CF482E890E00E94DF8273
:10A5D0006AE0680F83E890E00E94E78283E890E0F9
:10A5E0000E94DF8290E0909312098093110984E821
:10A5F00090E00E94DF82853070F465E084E890E0AE
:10A600000E94E78284E890E00E94DF8290E09093CD
:10A61000100980930F0984E890E00E94DF82813561
:10A6200070F060E584E890E00E94E78284E890E0C2
:10A630000E94DF8290E09093100980930F0985E8D3
:10A6400090E00E94DF82843170F464E185E890E05C
:10A650000E94E78285E890E00E94DF8290E090937C
:10A660000E0980930D0985E890E00E94DF8285360F
:10A6700070F064E685E890E00E94E78285E890E06B
:10A680000E94DF8290E090930E0980930D0984E888
:10A6900090E00E94DF82C82F85E890E00E94DF8270
:10A6A0002C2F30E02E5F3F4F8217130609F09CF4E9
:10A6B00084E890E00E94DF8263E0680F85E890E024
:10A6C0000E94E78285E890E00E94DF8290E090930C
:10A6D0000E0980930D09CF9108958AE690E00E94BB
:10A6E000DF828253853628F064E68AE690E00E9495
:10A6F000E7828BE690E00E94DF828253853628F065
:10A7000064E68BE690E00E94E7828CE690E00E948F
:10A71000DF828253853628F064E68CE690E00E9462
:10A72000E7828DE690E00E94DF828253853628F032
:10A7300064E68DE690E00E94E78285E690E00E9464
:10A74000DF828253853628F064E685E690E00E9439
:10A75000E78286E690E00E94DF828253853628F009
:10A7600064E686E690E00E94E78287E690E00E9439
:10A77000DF828253853628F064E687E690E00E9407
:10A78000E78288E690E00E94DF828253853628F0D7
:10A7900064E688E690E00C94E78208951F93CF93D7
:10A7A000DF93EC01162F0E94DF82181739F0612F1A
:10A7B000CE01DF91CF911F910C94E782DF91CF9171
:10A7C0001F910895CF93DF93D0E0C0E00E945C43D7
:10A7D00080914308909144082196893C91059CF012
:10A7E00080914008909141088E30914054F48091BE
:10A7F0003E0890913F08875792408336910508F4B0
:10A8000063C2D0E0C0E08091430890914408893C45
:10A810009105E4F08091400890914108875891405B
:10A820008D36910598F480913E0890913F088757A6
:10A8300092408336910550F48FE690E00E94DF82CB
:10A8400061E0680F8FE690E00E94E7828091430804
:10A8500090914408893C910514F1809140089091B1
:10A860004108875792408336910500F580913E0854
:10A8700090913F088757924083369105B8F480E75E
:10A8800090E00E94DF82882389F080E790E00E94B8
:10A89000DF826FEF680F80E790E00E94E78280918F
:10A8A000430890914408893C9105D4F08091400878
:10A8B000909141088F3393409CF080913E08909195
:10A8C0003F08875792408336910550F480E790E027
:10A8D0000E94DF8261E0680F80E790E00E94E782DB
:10A8E0008091430890914408893C910504F180913E
:10A8F0004008909141088E30914004F580913E08C7
:10A9000090913F088F5F914085349105B8F481E7BD
:10A9100090E00E94DF82882389F081E790E00E9426
:10A92000DF826FEF680F81E790E00E94E7828091FD
:10A93000430890914408893C9105E4F080914008D7
:10A9400090914108875891408D36910598F48091F7
:10A950003E0890913F088F5F91408534910550F4F7
:10A9600081E790E00E94DF8261E0680F81E790E07C
:10A970000E94E7828091430890914408893C9105A8
:10A9800014F1809140089091410887579240833696
:10A99000910500F580913E0890913F088F5F9140AE
:10A9A00085349105B8F482E790E00E94DF82882325
:10A9B00089F082E790E00E94DF826FEF680F82E704
:10A9C00090E00E94E7828091430890914408893C7E
:10A9D0009105D4F080914008909141088F339340C5
:10A9E0009CF080913E0890913F088F5F91408534A4
:10A9F000910550F482E790E00E94DF8261E0680FE9
:10AA000082E790E00E94E782809143089091440899
:10AA1000893C9105FCF080914008909141088E306E
:10AA20009140FCF480913E0890913F0883579140FB
:10AA3000CB97B8F483E790E00E94DF82882389F007
:10AA400083E790E00E94DF826FEF680F83E790E07A
:10AA50000E94E7828091430890914408893C9105C7
:10AA6000DCF08091400890914108875891408D36E4
:10AA7000910590F480913E0890913F088357914052
:10AA8000CB9750F483E790E00E94DF8261E0680F8B
:10AA900083E790E00E94E782809143089091440808
:10AAA000893C91050CF180914008909141088757AD
:10AAB000924083369105F8F480913E0890913F08CA
:10AAC00083579140CB97B8F484E790E00E94DF82EF
:10AAD000882389F084E790E00E94DF826FEF680F9F
:10AAE00084E790E00E94E7828091430890914408B7
:10AAF000893C9105CCF080914008909141088F33BA
:10AB0000934094F080913E0890913F088357914084
:10AB1000CB9750F484E790E00E94DF8261E0680FF9
:10AB200084E790E00E94E782809143089091440876
:10AB3000893C9105FCF080914008909141088E304D
:10AB40009140FCF480913E0890913F088B5F910901
:10AB5000C197B8F485E790E00E94DF82882389F0EE
:10AB600085E790E00E94DF826FEF680F85E790E055
:10AB70000E94E7828091430890914408893C9105A6
:10AB8000DCF08091400890914108875891408D36C3
:10AB9000910590F480913E0890913F088B5F910958
:10ABA000C19750F485E790E00E94DF8261E0680F72
:10ABB00085E790E00E94E7828091430890914408E5
:10ABC000893C91050CF1809140089091410887578C
:10ABD000924083369105F8F480913E0890913F08A9
:10ABE0008B5F9109C197B8F486E790E00E94DF82FD
:10ABF000882389F086E790E00E94DF826FEF680F7C
:10AC000086E790E00E94E782809143089091440893
:10AC1000893C9105CCF080914008909141088F3398
:10AC2000934094F080913E0890913F088B5F91098A
:10AC3000C19750F486E790E00E94DF8261E0680FE0
:10AC400086E790E00E94E782809143089091440853
:10AC5000893C91050CF47CC080914008909141089A
:10AC60008D3B22E092070CF441C080913E08909108
:10AC70003F08843B91050CF06BC08FE090E090930F
:10AC800088098093870986E990E090938A098093E8
:10AC9000890980E098EF90938E0980938D099093B5
:10ACA0008C0980938B0982E080938F0980939009AF
:10ACB00089EB93E00E9486460E946E450E946E4595
:10ACC000DF91CF910C94C9498FE690E00E94DF821A
:10ACD000882309F496CD8FE690E00E94DF826FEF23
:10ACE000680F8FE690E00E94E7828BCD803991401B
:10ACF0007CF580913E0890913F08843B910544F596
:10AD000064E68FE690E00E94E78264E680E790E0E8
:10AD10000E94E78264E681E790E00E94E78264E6B1
:10AD200082E790E00E94E78264E683E790E00E9479
:10AD3000E78264E684E790E00E94E78264E685E7C4
:10AD400090E00E94E78264E686E790E00E94E78256
:10AD50000E94C949C630D10509F038CDAFCF2F9236
:10AD60003F924F925F926F927F928F929F92AF929B
:10AD7000BF92CF92DF92EF92FF920F931F93CF93E8
:10AD8000DF93CDB7DEB76F970FB6F894DEBF0FBE77
:10AD9000CDBF60E08BE10E94482AECE1F2E5E4914E
:10ADA000E983ECE7F2E5E491F0E0EE0FFF1FEF55E9
:10ADB000FE4A859194919B838A8323E0B22E39E0E9
:10ADC000632E512C7E0188E1E80EF11C1C861E8644
:10ADD0001D861B861A86198618861F821E821D8272
:10ADE0001C8262E370E080E090E00E941C2CA12CA9
:10ADF000B701CE0101960E94EF44882309F485C073
:10AE000067E0C7010E94962F9F8D8913F1CFA3940D
:10AE1000888D883231F008F062C0803111F08232C2
:10AE200039F751101BC0CE0101960E944C30B7017A
:10AE3000CE0101960E942F3064EBCE0101960E9454
:10AE40000030CE0101960E94AD2F182FCE01019641
:10AE50000E944C30111102C055245394888D8031CA
:10AE600009F449C0CE0101960E944C30882309F4B0
:10AE7000BFCFB701CE0101960E942F306EEBCE01FD
:10AE800001960E9400308E01015F1F4F680118017A
:10AE900088E0882E912C712C44244394CE01019695
:10AEA0000E94AD2F81117428440CE1E08E1A9108A4
:10AEB000A9F7F60171926F01EE15FF0549F7CE0172
:10AEC00001960E944C30813009F092CFF8018191B7
:10AED0008F01811168C0CE16DF06C1F789CF8B3391
:10AEE00009F49FCF823409F083CF9BCF8F3559F07F
:10AEF0008F3709F07DCF8CE001C08AE0681608F03A
:10AF000077CF682E75CF8BE0F9CFA1100AC0BA9425
:10AF1000B1105CCF68EE73E080E090E00E941C2CE2
:10AF200029C01C861E861D861B861A8619861886D1
:10AF30001F821E821D821C8266EC77E0CE01019684
:10AF40000E94EF448823B1F067E086EC97E00E940E
:10AF5000962F9091CD0789130DC0E6ECF7E0A6EB94
:10AF6000B7E02EEC37E0819190E08D939D932E1702
:10AF70003F07C9F76F960FB6F894DEBF0FBECDBF7F
:10AF8000DF91CF911F910F91FF90EF90DF90CF90C5
:10AF9000BF90AF909F908F907F906F905F904F90F9
:10AFA0003F902F90089568E0C1010E94962F9F89DD
:10AFB00089131ECF8B89988D9B3311F487FD9BCF0E
:10AFC0008F3309F49ACF08F091CF8F3109F010CF69
:10AFD00089E094CF0E94C987EF92FF920F931F934D
:10AFE000CF93DF93EC017B018A01888199810097DF
:10AFF00029F02A813B812417350788F4B8016F5F57
:10B000007F4F0E94E886009791F0998388831B8385
:10B010000A832C813D81232B11F4FC0110821D83B6
:10B020000C83B701888199810E94D7870CC08881E1
:10B030009981009711F00E945F86198218821D8203
:10B040001C821B821A82CE01DF91CF911F910F913A
:10B05000FF90EF900895FB0101900020E9F73197F0
:10B06000AF01461B570B0C94EC57EF92FF920F93D6
:10B070001F93CF93DF93CDB7DEB7A1970FB6F894A8
:10B08000DEBF0FBECDBF7C01CB01BA01F70111823B
:10B09000108213821282158214828E010F5F1F4F5D
:10B0A00021E043E00E944C7F009789F0BC01C7017A
:10B0B0000E942B58A1960FB6F894DEBF0FBECDBFED
:10B0C000DF91CF911F910F91FF90EF900895F701BD
:10B0D00080819181009711F00E945F86F7011182B3
:10B0E00010821582148213821282E4CF8F929F9273
:10B0F000AF92BF92CF92DF92EF92FF920F931F9386
:10B10000CF93DF9300D0CDB7DEB70FB6F894A895F4
:10B1100080916000886180936000109260000FBE93
:10B12000E0916608F091670882E08083E091620810
:10B13000F09163081082E0916408F091650880E165
:10B14000808310926E08E0916A08F0916B0886E0A7
:10B150008083E0916808F091690880818061808334
:10B16000E0916808F0916908808188608083E091AF
:10B170006808F0916908808180688083E0916808A0
:10B18000F091690880818F7D80832FB7F89480913A
:10B19000520890915308A0915408B09155082FBFC0
:10B1A0008093460890934708A0934808B0934908B5
:10B1B00061E08AE10E94482A61E08AE10E941A2A3D
:10B1C00062E08BE10E94482A61E08CE10E94482AFB
:10B1D00060E08CE10E941A2A61E08DE10E94482A19
:10B1E00061E08DE10E941A2A84E599E00E94842A98
:10B1F00081E499E00E94842A8EE299E00E94842AE8
:10B200008BE199E00E94842A0E94AF560E946E450D
:10B2100060E086E10E94482A60E087E10E94482AB7
:10B2200060E088E10E94482A60E089E10E94482AA3
:10B2300061E086E20E94482A60E086E20E941A2AC3
:10B2400061E087E20E94482A60E087E20E941A2AB1
:10B2500061E088E20E94482A60E088E20E941A2A9F
:10B2600061E089E20E94482A60E089E20E941A2A8D
:10B2700061E08AE20E94482A60E08AE20E941A2A7B
:10B2800061E08BE20E94482A60E08BE20E941A2A69
:10B2900061E08CE20E94482A61E08CE20E941A2A56
:10B2A00061E08DE20E94482A60E08DE20E941A2A45
:10B2B00061E082E20E94482A60E082E20E941A2A4B
:10B2C00062E081E20E94482A62E083E20E94482A0A
:10B2D00081E20E94F129892B91F482E090E0909321
:10B2E0007A098093790983E690E00E94DF828230B8
:10B2F000C9F062E083E690E00E94E78213C083E237
:10B300000E94F129892B09F081C084E090E090939C
:10B310007A098093790983E690E00E94DF8264E0F5
:10B32000843041F70E94CF3260E090E080E00E94DC
:10B33000FE32883024E5920709F4BFC0803234E53C
:10B34000930709F4BAC08938994809F4B6C060E097
:10B3500087E690E00E94FE328734974409F4ADC03E
:10B360008FEE90E00E940D346732734909F4A5C056
:10B3700081EA90E00E94EE33613021E6720709F421
:10B380009CC06F3F760709F498C061158FEF78076E
:10B3900009F493C06115704F09F48FC08FEB90E0F2
:10B3A0000E940D346735A3E87A0709F04CC007E521
:10B3B00013E80E94CF3210929709109296091093C9
:10B3C0009B0900939A090230A3E91A0709F44AC6B7
:10B3D00008F05DC10338F7E71F0709F4E0C508F07E
:10B3E0001BC1083034E5130709F40BC608F0F3C09D
:10B3F000053395E4190709F4ABC10031134509F48D
:10B40000B6C11092800910927F09AEC183E690E028
:10B410000E94DF82823039F482E090E090937A09D2
:10B42000809379097FCF83E690E00E94DF828430A9
:10B4300019F484E090E0F2CF82E090E090937A09F2
:10B440008093790956CF6138E4E97E07B1F1613123
:10B45000F5E17F0791F1603225E1720771F1663203
:10B4600035E1730751F1613885E1780731F16115F4
:10B47000744119F184ED90E00E94EE336031734520
:10B48000E1F087ED90E00E94EE3361337048A9F05F
:10B490008EEF90E00E94EE33672F782F892F992747
:10B4A0006335704251F084E090E00E94EE339B01DE
:10B4B000833E31F4672B09F077C006E814E979CFB1
:10B4C000811172C0211580E8380709F06DC08091A4
:10B4D000070290910802A091090289839A83AB83A5
:10B4E000AE014F5F5F4F63E089EB90E00E94303127
:10B4F00060E080ED90E00E94FE328939F1F28039FF
:10B50000E1F283ED90E00E94EE33672F782F892FD0
:10B5100099276336714989F283ED90E00E94EE33FA
:10B520008B01693232E3730741F2872F735972300E
:10B53000A0F0883991F0873781F0863171F0033DB2
:10B54000110509F4BACF033D134D09F4B6CF60E0FD
:10B5500090E080E00E94FE328C01053293E91907E9
:10B5600009F427CF0832A3E91A0709F422CF0533DB
:10B57000E5E41E0709F41DCF0537100709F419CFBC
:10B58000013423E9120709F414CF073533E8130710
:10B5900009F40DCF01301007D9F00131114109F044
:10B5A0008CCF08E213E905CF263295E1390709F47B
:10B5B00084CF203FA9E83A0709F47FCF2235E5E898
:10B5C0003E0709F47ACF21313C4A09F09ACF75CF72
:10B5D00001E413E9EECE0930E8E61E0709F41CC5C4
:10B5E0000431184609F00DCF83E094E09093990957
:10B5F0008093980980EE91E090938209809381096D
:10B6000080E491E09093800980937F09B3E0EB2E72
:10B61000F12C0AED18E4C2C0063927E7120709F435
:10B6200048C5E0F4093887E7180709F4C3C40339AB
:10B63000174709F0E6CE80E090E190939909809356
:10B64000980960EC70E08FED98E40E94413480E945
:10B6500091E0909382098093810986C00735A3E821
:10B660001A0709F4B3C40039100709F4C7C4013339
:10B67000104809F0C6CE83E194E190939909809334
:10B680009809F2E1EF2EF12C07E818E487C00133A6
:10B6900023E9120709F4CBC430F5073283E9180710
:10B6A00009F4C8C460F40032A3E91A0709F4A9C474
:10B6B0000532134909F0A5CE80E091E1AFC408320C
:10B6C000F3E91F07C9F383E096E10932134909F052
:10B6D00098CE909399098093980963E0E62EF12C17
:10B6E00004E618E45BC0023433E9130780F4003445
:10B6F00083E9180708F0B9C4053393E9190709F479
:10B7000096C483E194E00833134919F37ACE0138E3
:10B71000E4E91E0709F4B5C40638144909F071CEEE
:10B7200083E094E0909399098093980980EE91E0EA
:10B73000909382098093810980E491E0909380093D
:10B7400080937F093BE3E32EF12C0FE717E426C03B
:10B7500080E090E190939909809398096CE970E0FA
:10B760008BEC9BE40E94413410E000E017C083E1C1
:10B770009EE0909399098093980980EE91E09093D0
:10B7800082098093810980E491E0909380098093FD
:10B790007F0912E0E12EF12C0DED18E420919909BA
:10B7A000822F82958F7090E08170992790939D09E8
:10B7B00080939C090115110581F069E070E089E62C
:10B7C00097E40E948430B701C8010E94843066E08B
:10B7D00070E083E697E40E94843060E08BE799E0B4
:10B7E0000E941F3960E08BE799E00E9463348091EA
:10B7F0009A0990919B098838944909F0DAC110920E
:10B80000CF0720EE3FEF50E040E070E060E08BE7D4
:10B8100099E00E94B537E090A609F090A7098091C1
:10B82000980980FF03C09EE2E92EF12C80919A09CD
:10B8300090919B098230964119F48EE2E82EF12C0A
:10B8400010E000E030E020E050E040E070E060E038
:10B850008BE799E00E94A6348091980980FD10C082
:10B8600070E060E08091A2099091A3090E94EF31FD
:10B8700070E060E08091A4099091A5090E94EF31E9
:10B880008B988A9880910201877880930201A5980D
:10B890008EB1877C8EB9409102018F2D90E09C0182
:10B8A00005E0220F331F0A95E1F72076242B209321
:10B8B00002014EB19C01220F331F220F331F207350
:10B8C000242B2EB944B39C01220F331F2072242B4A
:10B8D00024BB4EB19C013595279535952795287049
:10B8E000242B2EB920910201E3E095958795EA95E6
:10B8F000E1F78871822B809302018998899A80915F
:10B900000201877880930201A5988EB1877C8EB959
:10B9100040910201C7019701F5E0220F331FFA950C
:10B92000E1F72076242B209302014EB19701220FDC
:10B93000331F220F331F2073242B2EB944B39701DA
:10B94000220F331F2072242B24BB4EB19701359553
:10B950002795359527952870242B2EB92091020123
:10B9600003E0959587950A95E1F78871822B80937E
:10B9700002018998899A8A9A809101018778809337
:10B9800001019D988DB1877C8DB9409198095091A6
:10B99000990980919A0990919B0946FD13C0889A54
:10B9A000889888988898209100012CB122B32CB1F6
:10B9B00020910001889A40FD05C08938A2E19A07CC
:10B9C00009F08FC38131954161F4889A88988898ED
:10B9D0008898809100018CB182B38CB18091000174
:10B9E000889ABA0164707727889A88988898889886
:10B9F00044FF99C3209100018CB1F2B3ECB1909156
:10BA0000000130E055E0359527955A95E1F7237010
:10BA1000869586958C70822B2F2F26952071822BF0
:10BA2000F4E0EF9F900111242072822BA8E09A9FEE
:10BA300090011124207C822B889A889A8898889873
:10BA40008898209100019CB1A2B3FCB1E091000163
:10BA500030E0B5E035952795BA95E1F723709695D6
:10BA600096959C70922B2A2F26952071922BA4E0FC
:10BA7000FA9F900111242072922BF8E0EF9F900121
:10BA80001124207C922B889A889A88988898889884
:10BA900020910001ECB0A2B3FCB1E091000130E0D4
:10BAA00015E0359527951A95E1F72370E694E6940D
:10BAB0003E2D3C70E32EE22A2A2F26952071E22AA1
:10BAC000A4E0FA9F900111242072E22AF8E0EF9F8F
:10BAD00090011124207C2E29889AE92FF0E0672B11
:10BAE00009F40CC3E22EF12CFE2CEE24EE2428EFF8
:10BAF000F22203E0EE0FFF1F0A95E1F7E07EF770F8
:10BB0000EE2AFF2A869586958695E82A8091CF07AA
:10BB1000882399F0C70155E0969587955A95E1F7E6
:10BB2000807299279701369527952F713327822B9D
:10BB3000932BF0ECEF22E82AF92A889A8B9A8091CD
:10BB400001018867809301019D9A8DB188638DB949
:10BB500040FD14C00091850910918609015011091A
:10BB600020918309309184092150310950E040E04F
:10BB700070E060E08BE799E00E94A6342FE1E216C6
:10BB80002FEFF206B1F486E08983AE014F5F5F4F7D
:10BB900061E08AE390E00E943031809198099091B1
:10BBA00099098F7E909399098093980981E08093F9
:10BBB000CF07609179098BE799E00E941F3968EC03
:10BBC00070E080E090E00E941C2C61E08DE00E941B
:10BBD000482A70E060E08BE799E00E94D244882414
:10BBE0008394912C90928809809287099EE1E92E96
:10BBF000F12CF0928A09E092890920EEA22E27E02A
:10BC0000B22EB0928E09A0928D09B0928C09A092AA
:10BC10008B0932E0D32ED0928F09D09290098BEC11
:10BC200093E00E9434468EED93E00E94344680EF0C
:10BC300093E00E94344684E094E00E94344688E118
:10BC400094E00E9434468AE492E00E9434468CE2FA
:10BC500094E00E9434468DE394E00E9434468AE4E6
:10BC600092E00E9434460FEF17E010938E09009384
:10BC70008D0910938C0900938B098CE494E00E9449
:10BC800034468AE492E00E9434468AE492E00E94BC
:10BC9000344668E873E180E090E00E941C2C70E07C
:10BCA00060E08BE799E00E94D244909288098092EC
:10BCB0008709F0928A09E0928909B0928E09A092D0
:10BCC0008D09B0928C09A0928B09D0928F09D092E5
:10BCD00090098DE594E00E94344680E794E00E944C
:10BCE000344681E894E00E94344684E994E00E945E
:10BCF00034468AE492E00E94344610938E09009301
:10BD00008D0910938C0900938B0987EA94E00E94B7
:10BD100034468AE492E00E9434468AE492E00E942B
:10BD2000344610938E0900938D0910938C0900936B
:10BD30008B0988EB94E00E943446CC24C394C092D3
:10BD40008F09C09290098AE492E00E9434468CECFC
:10BD500094E00E9434468AE492E00E94344668E807
:10BD600073E180E090E00E941C2C70E060E08BE7C3
:10BD700099E00E94D244109288091092870910928B
:10BD80008A091092890920918309309184094FE131
:10BD9000E42EF12C0EE110E050E040E070E060E0B5
:10BDA0008BE799E00E943B3585E090E0909388090D
:10BDB0008093870990938A09809389098FEF9FEF79
:10BDC00090938E0980938D0990938C0980938B09B1
:10BDD000D0928F09D092900983ED94E00E9486461C
:10BDE000C0928F09C092900980EE94E00E9486462E
:10BDF000D0928F09D092900983EE94E00E9434464D
:10BE00000E94A945B0928E09A0928D09B0928C092A
:10BE1000A0928B09D0928F09D092900988EE94E07D
:10BE20000E9434468AE492E00E9434468BEF94E00C
:10BE30000E94864683E799E00E94AD458AE492E03D
:10BE40000E943446809145088111E1C163E075E0AC
:10BE50008DE699E00E942B588AE492E00E94864683
:10BE60008AE492E00E9486468DE699E00E94AD4504
:10BE70008AE492E00E94344683E195E00E943446D1
:10BE80008AE492E00E9434468AE492E00E943446BA
:10BE900080E69AEF90938E0980938D0990938C0998
:10BEA00080938B0984E295E00E94344683E395E019
:10BEB0000E94344683E495E00E94344668E873E1CA
:10BEC00080E090E00E941C2C80EE97E090938E0919
:10BED00080938D0990938C0980938B0982E08093E5
:10BEE0008F09809390098AE492E00E94344683E6A9
:10BEF00095E00E94344686E795E00E94344687E844
:10BF000095E00E94344689E995E00E94344668E84D
:10BF100073E180E090E00E941C2C8EE690E00E948D
:10BF2000DF82823008F0A0C18EE690E00E94DF82BE
:10BF3000809342080E946D5388E790E00E94DF8260
:10BF40009FEF980F983108F095C1809300020E94EE
:10BF5000825261E086E20E941A2A61E088E20E9431
:10BF60001A2A68EE73E080E090E00E941C2C60E0EA
:10BF700086E20E941A2A60E088E20E941A2A0F9044
:10BF80000F900F90DF91CF911F910F91FF90EF9045
:10BF9000DF90CF90BF90AF909F908F90089582E0F8
:10BFA00091E1909399098093980968E870E083E49F
:10BFB0009BE4D8CB83E194E090939909809398090E
:10BFC000A1E4EA2EF12C09E918E4E8CB83E094E13E
:10BFD000909399098093980980EE91E0909382095B
:10BFE0008093810980E491E09093800980937F0998
:10BFF000E2E0EE2EF12C05E818E4D0CB83E194E1E9
:10C00000E7CF84E090E1909399098093980968EDD7
:10C0100070E08BE69AE4A6CB82E091E190939909D7
:10C02000809398096CEC70E08FE999E49BCB80E0F9
:10C0300090E1F4CF83E094E090939909809398097C
:10C0400080E991E0909382098093810980EF90E0EC
:10C050009093800980937F097EE1E72EF12C07E61B
:10C0600018E49CCB83E094E034CB83E194E090939C
:10C0700099098093980955E6E52EF12C0FEF17E406
:10C080008DCB87E094E0909399098093980980EE96
:10C0900091E0909382098093810980E491E09093EC
:10C0A000800980937F0945E4E42EF12C0AEB17E424
:10C0B00075CB83E094E0909399098093980980EE82
:10C0C00091E0909382098093810980E491E09093BC
:10C0D000800980937F092DE0E22EF12C02E717E41E
:10C0E0005DCB889A889888988898209100012CB117
:10C0F00022B32CB120910001889A64CCE82EF12C57
:10C10000FE2CEE24EE2438EFF322B3E0EE0FFF1FF7
:10C11000BA95E1F7E07EF770EE2AFF2A269526957C
:10C120002695E22AF3CC909100010CB112B3BCB178
:10C13000A0910001889A889A889888988898209178
:10C140000001ECB1E2B2DCB08091000130E0F5E03A
:10C1500035952795FA95E1F723703327F0E0F595AB
:10C16000E795F595E795EC70FF272E2B3F2BF12CEB
:10C17000F594E794E0E1EE22FF24E22AF32AF4E0CA
:10C18000DF9E9001112420723327E22AF32A28E04F
:10C19000829FF0011124E07CFF27EE2AFF2A889A73
:10C1A000892F90E0F5E095958795FA95E1F78370F2
:10C1B000069506950C70802B16951071812B94E0D6
:10C1C000B99F900111242072822BE8E0AE9FD0012C
:10C1D0001124A07C8A2BF82A43FF03C0FE24EF24FD
:10C1E000FE24672B09F492CCC701807E97709701DB
:10C1F000232F3327269526952695822B932BFE2CCD
:10C20000EE24FF0CFF0CFF0CE82AF92A7FCC64E532
:10C2100075E08DE699E00E942B5881E095E00E9440
:10C2200086468DE699E00E94AD458AE492E00E9440
:10C2300034468AE492E00E94344680E69AEF909376
:10C240008E0980938D0990938C0980938B0984E2E9
:10C2500095E00E94344683E395E00E94344683E4EF
:10C2600095E00E94344630CE60E08EE690E00E9479
:10C27000E7825ACE61E088E790E00E94E78288E793
:10C2800090E00E94DF8261CECF93DF931092D107BE
:10C290001092D0078091D4079091D50724E1289F70
:10C2A000F001299FF00D1124C091D207D091D3073E
:10C2B000CE0FDF1FCC0FDD1FE0910002E150E8310F
:10C2C00008F007C3F0E08827E759FE498F4F0C9428
:10C2D00017836C648161A961C961E961096229629E
:10C2E000496269628962A962C962E9620963296374
:10C2F000496369638963A963C963E963096429645C
:10C30000496462EB75E087E699E00E942B58E0EB08
:10C31000F1E46591749190E080E00E94C08120E09A
:10C3200030E048EC52E40E948C83609336087093AE
:10C3300037088093380890933908FE01E055FE4B8A
:10C34000859194919093D1078093D007DF91CF91FD
:10C35000089569EB75E087E699E00E942B58E0EEBE
:10C36000FEE36591749190E080E00E94C08120E03E
:10C3700030E048EC52E40E948C836093360870935E
:10C3800037088093380890933908FE01E052F14C49
:10C39000D7CF6EEB75E087E699E00E942B58E0E17D
:10C3A000FCE36591749190E080E00E94C08120E000
:10C3B00030E048EC52E40E948C836093360870931E
:10C3C00037088093380890933908FE01E05FF34CFA
:10C3D000B7CF66EC75E087E699E00E942B58E0E461
:10C3E000F9E36591749190E080E00E94C08120E0C3
:10C3F00030E048EC52E40E948C83609336087093DE
:10C4000037088093380890933908FE01E05CF64CB9
:10C4100097CF6BEC75E087E699E00E942B58E0E738
:10C42000F6E36591749190E080E00E94C08120E085
:10C4300030E048EC52E40E948C836093360870939D
:10C4400037088093380890933908FE01E059F94C79
:10C4500077CF62ED75E087E699E00E942B58E0EA1D
:10C46000F3E36591749190E080E00E94C08120E048
:10C4700030E048EC52E40E948C836093360870935D
:10C4800037088093380890933908FE01E056FC4C39
:10C4900057CF6CED75E087E699E00E942B58E0EDF0
:10C4A000F0E36591749190E080E00E94C08120E00B
:10C4B00030E048EC52E40E948C836093360870931D
:10C4C00037088093380890933908FE01E053FF4CF9
:10C4D00037CF61EE75E087E699E00E942B58E0E0E7
:10C4E000FEE26591749190E080E00E94C08120E0BE
:10C4F00030E048EC52E40E948C83609336087093DD
:10C5000037088093380890933908FE01E050F24DC7
:10C5100017CF6BEE75E087E699E00E942B58E0E3B9
:10C52000FBE26591749190E080E00E94C08120E080
:10C5300030E048EC52E40E948C836093360870939C
:10C5400037088093380890933908FE01E05DF44D78
:10C55000F7CE65EF75E087E699E00E942B58E0E69C
:10C56000F8E26591749190E080E00E94C08120E043
:10C5700030E048EC52E40E948C836093360870935C
:10C5800037088093380890933908FE01E05AF74D38
:10C59000D7CE6AEF75E087E699E00E942B58E0E974
:10C5A000F5E26591749190E080E00E94C08120E006
:10C5B00030E048EC52E40E948C836093360870931C
:10C5C00037088093380890933908FE01E057FA4DF8
:10C5D000B7CE62E076E087E699E00E942B58E0EC67
:10C5E000F2E26591749190E080E00E94C08120E0C9
:10C5F00030E048EC52E40E948C83609336087093DC
:10C6000037088093380890933908FE01E054FD4DB7
:10C6100097CE6AE076E087E699E00E942B58E0EF3B
:10C62000FFE16591749190E080E00E94C08120E07C
:10C6300030E048EC52E40E948C836093360870939B
:10C6400037088093380890933908FE01E051F04E86
:10C6500077CE62E176E087E699E00E942B58E0E22F
:10C66000FDE16591749190E080E00E94C08120E03E
:10C6700030E048EC52E40E948C836093360870935B
:10C6800037088093380890933908FE01E05EF24E37
:10C6900057CE6DE176E087E699E00E942B58E0E501
:10C6A000FAE16591749190E080E00E94C08120E001
:10C6B00030E048EC52E40E948C836093360870931B
:10C6C00037088093380890933908FE01E05BF54EF7
:10C6D00037CE68E276E087E699E00E942B58E0E8E2
:10C6E000F7E16591749190E080E00E94C08120E0C4
:10C6F00030E048EC52E40E948C83609336087093DB
:10C7000037088093380890933908FE01E058F84EB6
:10C7100017CE63E376E087E699E00E942B58E0EBC2
:10C72000F4E16591749190E080E00E94C08120E086
:10C7300030E048EC52E40E948C836093360870939A
:10C7400037088093380890933908FE01E055FB4E76
:10C75000F7CD60E476E087E699E00E942B58E0EEA2
:10C76000F1E16591749190E080E00E94C08120E049
:10C7700030E048EC52E40E948C836093360870935A
:10C7800037088093380890933908FE01E052FE4E36
:10C79000D7CD6BE476E087E699E00E942B58E0E184
:10C7A000FFE06591749190E080E00E94C08120E0FC
:10C7B00030E048EC52E40E948C836093360870931A
:10C7C00037088093380890933908FE01E05FF04FF6
:10C7D000B7CD64E576E087E699E00E942B58E0E467
:10C7E000FCE06591749190E080E00E94C08120E0BF
:10C7F00030E048EC52E40E948C83609336087093DA
:10C8000037088093380890933908FE01E05CF34FB5
:10C8100097CD6DE576E087E699E00E942B58E0E73A
:10C82000F9E06591749190E080E00E94C08120E081
:10C8300030E048EC52E40E948C8360933608709399
:10C8400037088093380890933908FE01E059F64F75
:10C8500077CD66E676E087E699E00E942B58E0EA1D
:10C86000F6E06591749190E080E00E94C08120E044
:10C8700030E048EC52E40E948C8360933608709359
:10C8800037088093380890933908FE01E056F94F35
:10C8900057CD61E776E087E699E00E942B58E0EDFE
:10C8A000F3E06591749190E080E00E94C08120E007
:10C8B00030E048EC52E40E948C8360933608709319
:10C8C00037088093380890933908FE01E053FC4FF5
:10C8D00037CD81E0809300026BEA75E087E699E04E
:10C8E0000E942B58E0E8F4E46591749190E080E0B8
:10C8F0000E94C08120E030E048EC52E40E948C832A
:10C9000060933608709337088093380890933908FD
:10C91000FE01E058FB4B14CDE0910002E150E831FC
:10C9200008F0C8C2F0E08827E756FB498F4F0C9407
:10C930001783B16405653C658365866589658C658B
:10C940008F659265D965206623666A666D66B466F2
:10C95000B766BA66BD66C066C3660A675167546744
:10C9600057676BEA75E087E699E00E942B588DE2E5
:10C9700092E4A0ECB7E38093E6079093E707A093D7
:10C98000E807B093E90786E899ECA0E0B0E480936B
:10C99000EA079093EB07A093EC07B093ED078AE5C5
:10C9A00094E4A3E4B3E48093EE079093EF07A0939D
:10C9B000F007B093F1078DE891EDAAEABEE380930A
:10C9C000DA079093DB07A093DC07B093DD078AE5D5
:10C9D00091EFADE4BDE38093DE079093DF07A09372
:10C9E000E007B093E10780E695EAA6EBB2E4809316
:10C9F000E2079093E307A093E407B093E50764E7A9
:10CA000073E087E099E00C942B5862EB75E087E6C1
:10CA100099E00E942B581092E6071092E7071092B7
:10CA2000E8071092E9071092EA071092EB071092BC
:10CA3000EC071092ED071092EE071092EF0710929C
:10CA4000F0071092F1071092DA071092DB071092AC
:10CA5000DC071092DD071092DE071092DF071092BC
:10CA6000E0071092E1071092E2071092E30710929C
:10CA7000E4071092E507C3CF69EB75E087E699E01C
:10CA80000E942B5888E59DE7A5EBB8E38093E60765
:10CA90009093E707A093E807B093E90784EE93E843
:10CAA000AEEEBFE38093EA079093EB07A093EC0709
:10CAB000B093ED0781E79DE3A7E4B2E48093EE072E
:10CAC0009093EF07A093F007B093F10783EF91E7FE
:10CAD000ADEABEE38093DA079093DB07A093DC070F
:10CAE000B093DD0787E89AE8A1E7BDE38093DE070E
:10CAF0009093DF07A093E007B093E10787ED93EAF7
:10CB0000A1EFB1E474CF6EEB75E081CF6CE776E016
:10CB10007ECF61E876E07BCF68E876E078CF63E9A6
:10CB200076E075CF61EE75E087E699E00E942B58BC
:10CB30008AE790E8AAE2BAE38093E6079093E707D2
:10CB4000A093E807B093E90782E99BECAFEBBFE362
:10CB50008093EA079093EB07A093EC07B093ED075F
:10CB600087E79EE3AAE4B2E48093EE079093EF0791
:10CB7000A093F007B093F1078CE097E0A2E4BEE346
:10CB80008093DA079093DB07A093DC07B093DD076F
:10CB900085E592E3A0E8BDE38093DE079093DF078D
:10CBA000A093E007B093E10788E691E9A7E0B2E43B
:10CBB0001ECF68E976E087E699E00E942B5880EA6C
:10CBC00094EAABE8B8E38093E6079093E707A09375
:10CBD000E807B093E9078AE191E5A2E2B0E4809327
:10CBE000EA079093EB07A093EC07B093ED0784E47A
:10CBF0009BE8AAEBB1E48093EE079093EF07A09334
:10CC0000F007B093F10789EF9FE0A9E2BEE38093BC
:10CC1000DA079093DB07A093DC07B093DD0789E286
:10CC200091E2A8EDBCE38093DE079093DF07A09329
:10CC3000E007B093E1078CEF99EAA5E4B1E4D7CE21
:10CC400062EA76E0E4CE67EA76E087E699E00E9461
:10CC50002B5885EC93EFA0EAB7E38093E607909317
:10CC6000E707A093E807B093E90785E89CE7ACE104
:10CC7000B0E48093EA079093EB07A093EC07B0939E
:10CC8000ED078DED94EAACE4B2E48093EE07909367
:10CC9000EF07A093F007B093F1078EE49FE7A6E9B2
:10CCA000BEE38093DA079093DB07A093DC07B09391
:10CCB000DD078AE39AE7ACE3BDE38093DE07909358
:10CCC000DF07A093E007B093E1078FED9FECAEE0A4
:10CCD000B2E48DCE62E076E09ACE6AE076E087E656
:10CCE00099E00E942B588CE494E1A0EAB9E3809388
:10CCF000E6079093E707A093E807B093E9078FEF63
:10CD000092EBABE9BFE38093EA079093EB07A09324
:10CD1000EC07B093ED0781ED92E2A6E0B3E48093D7
:10CD2000EE079093EF07A093F007B093F10786E921
:10CD300096E2A5EDBEE38093DA079093DB07A0931C
:10CD4000DC07B093DD078AEA97E2A3E9BDE38093AD
:10CD5000DE079093DF07A093E007B093E10785E734
:10CD600093E9A8ECB2E443CE62E176E050CE6DE107
:10CD700076E04DCE68E276E04ACE63E376E047CED9
:10CD800060E476E044CE6BE476E087E699E00E94CA
:10CD90002B588FEE97EEA7EDB7E38093E6079093BD
:10CDA000E707A093E807B093E90786E091E8ADE0D4
:10CDB000B0E48093EA079093EB07A093EC07B0935D
:10CDC000ED0781ED92EAACE8B2E48093EE07909330
:10CDD000EF07A093F007B093F10789E196E5A1EC86
:10CDE000BEE38093DA079093DB07A093DC07B09350
:10CDF000DD0781E295E9A2E6BDE38093DE0790932B
:10CE0000DF07A093E007B093E10783E393EBA0EE85
:10CE1000B2E4EDCD6FEA76E087E699E00E942B5808
:10CE200088E29FEFA0ECB7E38093E6079093E707D3
:10CE3000A093E807B093E90789EE98E4A2E1B0E493
:10CE40008093EA079093EB07A093EC07B093ED076C
:10CE50008FE892E4AFE5B2E48093EE079093EF079A
:10CE6000A093F007B093F1078BE99AE5A6EBBEE338
:10CE70008093DA079093DB07A093DC07B093DD077C
:10CE800089E89AE9A8E6BDE38093DE079093DF077F
:10CE9000A093E007B093E10784EF9DEFABE4B2E429
:10CEA000A6CD68EB76E0B3CD61EC76E0B0CD6CEC6E
:10CEB00076E0ADCD6AE472E087E699E00E942B58F7
:10CEC0001092E6071092E7071092E8071092E90720
:10CED0001092EA071092EB071092EC071092ED0700
:10CEE0001092EE071092EF071092F0071092F107E0
:10CEF0001092DA071092DB071092DC071092DD0720
:10CF00001092DE071092DF071092E0071092E107FF
:10CF10001092E2071092E3071092E4071092E507DF
:10CF20006AE472E06ECD4F925F926F927F928F9221
:10CF30009F92AF92BF92CF92DF92EF92FF920F93A8
:10CF40001F93CF93DF9300D000D01F921F92CDB7D5
:10CF5000DEB72D833E834F835887270138012AE0AF
:10CF600037ED43E25CE30E9421829B01AC0160E06B
:10CF700070E080E89FE30E941F830E9441846983E0
:10CF80007A838B839C83A601950160E070E080E842
:10CF90009FE30E948C834B015C0177FA709477F8D1
:10CFA00070942C8D3D8D4E8D5F8D6D817E818F8136
:10CFB00098850E9420839B01AC01C301B2010E94AD
:10CFC00021829B01AC0169817A818B819C810E94C5
:10CFD0008C83A50194010E9489842AE037ED43E205
:10CFE0005CE30E94218220E030E048EC52E40E94A1
:10CFF000218228960FB6F894DEBF0FBECDBFDF9119
:10D00000CF911F910F91FF90EF90DF90CF90BF9045
:10D01000AF909F908F907F906F905F904F9008950A
:10D020001F920F920FB60F9211242F933F938F935D
:10D030009F93AF93BF938091520890915308A09112
:10D040005408B091550830914C0823E0230F2D3738
:10D0500058F50196A11DB11D20934C0880935208EC
:10D0600090935308A0935408B093550880914D08AD
:10D0700090914E08A0914F08B09150080196A11DC3
:10D08000B11D80934D0890934E08A0934F08B09324
:10D090005008BF91AF919F918F913F912F910F9029
:10D0A0000FBE0F901F90189526E8230F0296A11D22
:10D0B000B11DD2CF1F920F920FB60F9211240BB653
:10D0C0000F922F933F934F935F936F937F938F9321
:10D0D0009F93AF93BF93EF93FF9386E598E00E94F1
:10D0E000CC2CFF91EF91BF91AF919F918F917F9148
:10D0F0006F915F914F913F912F910F900BBE0F90C9
:10D100000FBE0F901F9018951F920F920FB60F929F
:10D1100011240BB60F922F938F939F93EF93FF934E
:10D12000E0916608F09167088081E0916C08F091C9
:10D130006D0882FD1DC0908180916F088F5F8F7395
:10D1400020917008821741F0E0916F08F0E0EA5AF0
:10D15000F74F958F80936F08FF91EF919F918F917B
:10D160002F910F900BBE0F900FBE0F901F90189530
:10D170008081F2CFFC01118210821382128215820B
:10D180001482FB0101900020E9F73197AF01461BA3
:10D19000570B0C94EC57E6E5F8E01382128288EE08
:10D1A00093E0A0E0B0E084839583A683B7838EE00C
:10D1B00092E09183808385EC90E09587848784EC6E
:10D1C00090E09787868780EC90E0918B808B81EC54
:10D1D00090E0938B828B82EC90E0958B848B86EC35
:10D1E00090E0978B868B118E128E138E148EEBE748
:10D1F000F9E01382128220EF30E03583248380E44B
:10D2000091E0978386833187208793878287168A68
:10D21000158614861786168681E0858B848B2FEF02
:10D220003FEF338B228B318B208B878B108E128EAE
:10D23000118E80E292E09183808383E690E00E94E9
:10D24000DF8290E090937A098093790967ED76E028
:10D2500083E799E00E94BA6863E075E08DE699E0A3
:10D260000E94BA686AE472E087E699E00E94BA68B0
:10D27000A4E5B9E086E115968C93159716968C93E4
:10D280001697E7E1F2E5E4911796EC931797E7E735
:10D29000F2E5E4911896EC93189740E85EE360E0BD
:10D2A00070E01D964D935D936D937C935097A1E430
:10D2B000B9E097E115969C93159716968C9316975F
:10D2C000E8E1F2E5E4911796EC931797E8E7F2E5C9
:10D2D000E4911896EC9318971D964D935D936D937A
:10D2E0007C935097AEE2B9E098E115969C93159720
:10D2F00016968C931697E9E1F2E5E4911796EC9374
:10D300001797E9E7F2E5E4911896EC9318971D96C4
:10D310004D935D936D937C935097ABE1B9E099E1A8
:10D3200015969C93159716968C931697EAE1F2E55D
:10D33000E4911796EC931797EAE7F2E5E4911896D3
:10D34000EC9318971D964D935D936D937C93509736
:10D350006AE472E085E199E00E94BA6882E890E0B0
:10D360000E94DF8290E0909314098093130983E870
:10D3700090E00E94DF8290E090931209809311095F
:10D3800084E890E00E94DF8290E0909310098093FF
:10D390000F0985E890E00E94DF8290E090930E09EB
:10D3A00080930D09A3EFB8E089E312968C9312974E
:10D3B00088E314968C93149789E013968C931397B3
:10D3C00088E015968C9315978CE291E017969C93C4
:10D3D0008E931697E9E6F2E5E491F0E0EE0FFF1F79
:10D3E000E95BFD4A8591949119969C938E931897C9
:10D3F000EAE9F2E5E491F0E0EE0FFF1FE95BFD4A98
:10D40000859194911B969C938E931A97E9E9F2E586
:10D41000E491F0E0EE0FFF1FE95BFD4A85919491E6
:10D420001D969C938E931C97EAE6F2E5E491F0E05A
:10D43000EE0FFF1FE95BFD4A859194911F969C9327
:10D440008E931E97E9E0F2E5E4915096EC935097A5
:10D45000EAE3F2E5E4915296EC935297E9E3F2E5C0
:10D46000E4915196EC935197EAE0F2E5E4915396FA
:10D47000EC9353978AE090E08D939C93E7E0F9E07A
:10D4800011821082138212821582148250E040E0D1
:10D490006AE472E0CF010C94EC57CF93DF9300D095
:10D4A00000D000D01F92CDB7DEB7789484B58260EB
:10D4B00084BD84B5816084BD85B5826085BD85B538
:10D4C000816085BD80916E00816080936E001092B6
:10D4D0008100809181008260809381008091810031
:10D4E00081608093810080918000816080938000C2
:10D4F0008091B10084608093B1008091B000816020
:10D500008093B0008091910082608093910080911F
:10D510009100816080939100809190008160809360
:10D5200090008091A10082608093A1008091A10071
:10D5300081608093A1008091A00081608093A00011
:10D54000809121018260809321018091210181607D
:10D55000809321018091200181608093200180913E
:10D560007A00846080937A0080917A008260809350
:10D570007A0080917A00816080937A0080917A00AD
:10D58000806880937A001092C1000E94765822240D
:10D590002A94322CB0EECB2EB7E0DB2E80914A08D5
:10D5A00090914B08019690934B0880934A082FB7AF
:10D5B000F8948091520890915308A0915408B0912A
:10D5C00055082FBF40914608509147086091480880
:10D5D00070914908841B950BA60BB70B81159C45D0
:10D5E000A642B54010F00E94404680914508813027
:10D5F00021F00E94AF560E946E4570E060E08BE71C
:10D6000099E00E94D24410928809109287091092E2
:10D610008A09109289092091830930918409EFE1E8
:10D62000EE2EF12C0EE110E050E040E070E060E002
:10D630008BE799E00E943B3585E090E09093880964
:10D640008093870990938A098093890930928E0983
:10D6500020928D0930928C0920928B09F2E0BF2E26
:10D66000B0928F09B092900983ED94E00E948646B3
:10D67000AA24A394A0928F09A092900980EE94E02E
:10D680000E948646B0928F09B092900983EE94E092
:10D690000E943446A8E0B0E0B0938809A0938709BF
:10D6A00024E130E030938A092093890980E69AEFDB
:10D6B00090938E0980938D0990938C0980938B09A8
:10D6C000B0928F09B09290098AE492E00E943446A9
:10D6D0008AE492E00E9434468AE492E00E94344652
:10D6E0008CE093E00E9434468AE492E00E94344643
:10D6F0008CED96E00E94344683E293E00E9434462B
:10D700008AE492E00E9434468AE492E00E94344621
:10D71000D0928E09C0928D09D0928C09C0928B094B
:10D72000B0928F09B092900988EE96E00E9434463C
:10D7300084E599E00E941B2F6093F2077093F30732
:10D740008093F4079093F50781E499E00E941B2FE2
:10D750006093FB077093FC078093FD079093FE078F
:10D760008EE299E00E941B2F6093080870930908CD
:10D7700080930A0890930B088BE199E00E941B2F7D
:10D7800060931508709316088093170890931808F3
:10D7900068E873E180E090E00E941C2C84E599E049
:10D7A0000E94D22E60931E0870931F088093200859
:10D7B0009093210881E499E00E94D22E6093F707AC
:10D7C0007093F8078093F9079093FA078EE299E037
:10D7D0000E94D22E60930408709305088093060877
:10D7E000909307088BE199E00E94D22E6093110874
:10D7F00070931208809313089093140870E060E00F
:10D800008BE799E00E94D244109288091092870910
:10D8100010928A0910928909209183093091840914
:10D8200050E040E070E060E08BE799E00E943B351B
:10D83000A5E0B0E0B0938809A0938709B0938A0966
:10D84000A093890930928E0920928D0930928C091B
:10D8500020928B09B0928F09B092900983ED94E0E9
:10D860000E948646B0928F09B092900980EE94E0B3
:10D870000E948646B0928F09B092900983EE94E0A0
:10D880000E94344628E030E03093880920938709CD
:10D8900084E190E090938A0980938909A0E6BAEF29
:10D8A000B0938E09A0938D09B0938C09A0938B0936
:10D8B000B0928F09B09290098AE492E00E943446B7
:10D8C0008AE492E00E9434468AE492E00E94344660
:10D8D0008CE093E00E9434468AE492E00E94344651
:10D8E0008CED96E00E94344683E293E00E94344639
:10D8F0008AE492E00E9434468AE492E00E94344630
:10D90000D0928E09C0928D09D0928C09C0928B0959
:10D91000B0928F09B09290098BEF96E00E94344646
:10D920008AE690E00E94DF82682F70E090E080E05D
:10D930000E94C28120E030E048EC52E40E948C83D7
:10D9400020911E0830911F08409120085091210815
:10D950000E9421822B013C0140921E0850921F0818
:10D96000609220087092210820E030E040E85FE3F8
:10D970000E94348487FF02C00C94197920E030E0C3
:10D9800048EC52E4C301B2010E94BB81181614F4A2
:10D990000C941979A092F60785E690E00E94DF8248
:10D9A000682F70E090E080E00E94C28120E030E0CB
:10D9B00048EC52E40E948C832091F2073091F307E7
:10D9C0004091F4075091F5070E9421826093F2077D
:10D9D0007093F3078093F4079093F50726E636E6F5
:10D9E00046EE5FE30E94218220E030E040E052E416
:10D9F0000E94208360932208709323088093240858
:10DA0000909325088BE690E00E94DF82682F70E0FB
:10DA100090E080E00E94C28120E030E048EC52E4D7
:10DA20000E948C832091F7073091F8074091F90705
:10DA30005091FA070E9421824B015C018092F70706
:10DA40009092F807A092F907B092FA0720E030E030
:10DA500040E85FE30E94348487FF02C00C9425797C
:10DA600020E030E048EC52E4C501B4010E94BB81E3
:10DA7000181614F40C94257981E08093030886E647
:10DA800090E00E94DF82682F70E090E080E00E94CA
:10DA9000C28120E030E048EC52E40E948C83209167
:10DAA000FB073091FC074091FD075091FE070E9453
:10DAB00021826093FB077093FC078093FD0790938E
:10DAC000FE0726E636E646EE5FE30E94218220E06E
:10DAD00030E040E052E40E9420836093FF0770939F
:10DAE000000880930108909302088CE690E00E9461
:10DAF000DF82682F70E090E080E00E94C28120E029
:10DB000030E048EC52E40E948C832091040830916C
:10DB1000050840910608509107080E9421824B0198
:10DB20005C018092040890920508A0920608B092C9
:10DB3000070820E030E040E85FE30E94348487FF7C
:10DB400002C00C94317920E030E048EC52E4C50189
:10DB5000B4010E94BB81181614F40C94317981E051
:10DB60008093100887E690E00E94DF82682F70E0C3
:10DB700090E080E00E94C28120E030E048EC52E476
:10DB80000E948C83209108083091090840910A086E
:10DB900050910B080E942182609308087093090835
:10DBA00080930A0890930B0826E636E646EE5FE37C
:10DBB0000E94218220E030E040E052E40E94208375
:10DBC00060930C0870930D0880930E0890930F08D3
:10DBD0008DE690E00E94DF82682F70E090E080E0A8
:10DBE0000E94C28120E030E048EC52E40E948C8325
:10DBF0002091110830911208409113085091140897
:10DC00000E9421824B015C018092110890921208BF
:10DC1000A0921308B092140820E030E040E85FE3DF
:10DC20000E94348487FF02C00C943D7920E030E0EC
:10DC300048EC52E4C501B4010E94BB81181614F4EB
:10DC40000C943D7981E080931D0888E690E00E9465
:10DC5000DF82682F70E090E080E00E94C28120E0C7
:10DC600030E048EC52E40E948C83209115083091FA
:10DC7000160840911708509118080E94218260935D
:10DC8000150870931608809317089093180826E6D5
:10DC900036E646EE5FE30E94218220E030E040E07D
:10DCA00052E40E9420836093190870931A088093AD
:10DCB0001B0890931C0820E030E040E250E46091A3
:10DCC00022087091230880912408909125080E94D1
:10DCD000208320E030E040EA50E40E948C830E94E0
:10DCE000FE8315E0169F9001179F300D112430938D
:10DCF000D9072093D80720E030E040E250E460915B
:10DD00001E0870911F0880912008909121080E94A0
:10DD1000208320E030E040EA50E40E948C830E949F
:10DD2000FE83169F9001179F300D11243093D70763
:10DD30002093D6070E9456440E94D1438091D40775
:10DD40009091D507019641F08091D2079091D30729
:10DD5000019611F00C94497980E090E0A0E8BFEBC7
:10DD60008093260890932708A0932808B093290849
:10DD700020E030E040E250E46091FF07709100083D
:10DD800080910108909102080E94208320E030E0F9
:10DD900040EA50E40E948C830E94FE8315E0169FA7
:10DDA0009001179F300D11243093D9072093D80785
:10DDB00020E030E040E250E46091F7077091F8070E
:10DDC0008091F9079091FA070E94208320E030E0CB
:10DDD00040EA50E40E948C830E94FE83169F9001CB
:10DDE000179F300D11243093D7072093D6070E9438
:10DDF00056440E94D1438091D4079091D507019653
:10DE000041F08091D2079091D307019611F00C94C4
:10DE10006A7980E090E0A0E8BFEB809332089093AD
:10DE20003308A0933408B093350820E030E040E296
:10DE300050E460910C0870910D0880910E0890914B
:10DE40000F080E94208320E030E040EA50E40E9466
:10DE50008C830E94FE8315E0169F9001179F300D62
:10DE600011243093D9072093D80720E030E040E216
:10DE700050E4609104087091050880910608909123
:10DE800007080E94208320E030E040EA50E40E942E
:10DE90008C830E94FE83169F9001179F300D1124E2
:10DEA0003093D7072093D6070E9456440E94D1434F
:10DEB0008091D4079091D507019641F08091D207C7
:10DEC0009091D307019611F00C948B7980E090E04B
:10DED000A0E8BFEB80932E0890932F08A093300802
:10DEE000B093310820E030E040E250E4609119083E
:10DEF00070911A0880911B0890911C080E94208341
:10DF000020E030E040EA50E40E948C830E94FE83CF
:10DF100015E0169F9001179F300D11243093D907FB
:10DF20002093D80720E030E040E250E460911108EF
:10DF30007091120880911308909114080E94208318
:10DF400020E030E040EA50E40E948C830E94FE838F
:10DF5000169F9001179F300D11243093D7072093FF
:10DF6000D6070E9456440E94D1438091D4079091D5
:10DF7000D507019641F08091D2079091D307019681
:10DF800011F00C94AC7980E090E0A0E8BFEB8093B6
:10DF90002A0890932B08A0932C08B0932D080E9478
:10DFA0008C6470E060E08BE799E00E94D24420919D
:10DFB0008309309184094FE1E42EF12C0EE110E049
:10DFC00050E040E070E060E08BE799E00E943B3574
:10DFD000A5E0B0E0B0938809A0938709B0938A09BF
:10DFE000A093890930928E0920928D0930928C0974
:10DFF00020928B0952E0B52EB0928F09B092900911
:10E0000083ED94E00E94864681E080938F0980939F
:10E01000900980EE94E00E948646B0928F09B092FB
:10E02000900983EE94E00E94344620918309309158
:10E03000840960EEE62EFF24FA944EE150E070E091
:10E0400060E08BE799E00E943B3520918309309195
:10E050008409EE24EA9477E0F72E4CE350E070E078
:10E0600060E08BE799E00E943B3530928E09209268
:10E070008D0930928C0920928B09B0928F09B09251
:10E08000900923E030E0309388092093870984E6E3
:10E0900090E090938A098093890986E797E00E942F
:10E0A00034460E94A945A3E0B0E0B0938809A0934C
:10E0B000870925E830E030938A09209389098AECA2
:10E0C00094E00E9434460E94A94583E090E090933A
:10E0D000880980938709A4EAB0E0B0938A09A093E5
:10E0E00089098AED96E00E9434460E94A94523E002
:10E0F00030E0309388092093870984EC90E0909376
:10E100008A098093890989EA92E00E9434460E9434
:10E11000A945A5E0B0E0B0938809A093870906E47B
:10E1200010E010938A090093890910928E091092C9
:10E130008D0910928C0910928B09B0928F09B092C0
:10E1400090098FE097E00E94864687E890E09093E0
:10E1500088098093870910938A090093890988E1C7
:10E1600097E00E9434468AE492E00E94344610927E
:10E170008E0910928D0910928C0910928B09B09221
:10E180008F09B09290098AE090E09093880980937B
:10E19000870988E290E090938A098093890987E64D
:10E1A00099E00E947C2C80E297E00E9486460E94C3
:10E1B00044618090360890903708A0903808B0905D
:10E1C000390820E030E040E85FE3C501B4010E9477
:10E1D0003484181634F441E050E0C501B4010E94C3
:10E1E000B65183E297E00E9486460091850910911E
:10E1F00086092091830930918409A8014A55510963
:10E2000090EEE92EFF24FA9470E060E08BE799E04D
:10E210000E943B3520918309309184092A553109A8
:10E2200040918509509186094C53510910E000E056
:10E2300070E060E08BE799E00E9449430091850916
:10E24000109186092091830930918409A8014E51CB
:10E250005109F12CE12C70E060E08BE799E00E941D
:10E260003B358091850990918609439728E030E0FD
:10E27000309388092093870990938A0980938909AC
:10E28000D0928E09C0928D09D0928C09C0928B09D0
:10E2900011E010938F091093900986EB92E00E9491
:10E2A000864660918509709186096855710980914B
:10E2B0008309909184092FE130E045E550E08A55CB
:10E2C00091090E94294160918509709186096A53DC
:10E2D000710980918309909184092FE130E045E52F
:10E2E00050E08A5591090E94294130928E0920926E
:10E2F0008D0930928C0920928B0902E000938F09DE
:10E30000009390098091850990918609C497209186
:10E31000830930918409225531093093880920936B
:10E32000870990938A098093890985E297E00E9482
:10E3300034468091850990918609825591092091F2
:10E34000830930918409215431093093880920933D
:10E35000870990938A09809389098CE297E00E944B
:10E3600034468EE190E0909388098093870984E693
:10E3700090E090938A0980938909D0928E09C09287
:10E380008D09D0928C09C0928B0900938F0900935C
:10E3900090098090260890902708A0902808B090B7
:10E3A000290820E030E040E85FEBC501B4010E949D
:10E3B000BB8181110C94CD7910938F091093900932
:10E3C00080E397E00E94864682E890E09093880977
:10E3D00080938709A4E6B0E0B0938A09A0938909E5
:10E3E000D0928E09C0928D09D0928C09C0928B096F
:10E3F00082E080938F09809390098091F6078823AB
:10E4000009F4ECC7809142088111D9C760912208B4
:10E4100070912308809124089091250850E040E0F5
:10E420000E94B6518DE397E00E94864684EB90E00F
:10E43000909388098093870924E630E030938A0915
:10E4400020938909D0928E09C0928D09D0928C09AF
:10E45000C0928B0982E080938F098093900960912C
:10E460001E0870911F08809120089091210850E0AB
:10E4700040E00E94B65185EA92E00E9486468EE115
:10E4800090E09093880980938709A5E8B0E0B09365
:10E490008A09A0938909D0928E09C0928D09D092E1
:10E4A0008C09C0928B0982E080938F098093900938
:10E4B0008090320890903308A0903408B0903508CE
:10E4C00020E030E040E85FEBC501B4010E94BB8171
:10E4D00081119CC781E080938F098093900980E32C
:10E4E00097E00E94864682E890E0909388098093A6
:10E4F000870925E830E030938A0920938909D09272
:10E500008E09C0928D09D0928C09C0928B0982E04D
:10E5100080938F098093900980910308882309F4E0
:10E5200095C780914208811182C76091FF07709161
:10E530000008809101089091020850E040E00E949C
:10E54000B6518DE397E00E94864684EB90E090936D
:10E5500088098093870985E890E090938A098093E1
:10E560008909D0928E09C0928D09D0928C09C092EF
:10E570008B0982E080938F09809390096091F7075F
:10E580007091F8078091F9079091FA0750E040E008
:10E590000E94B65185EA92E00E9486468091450825
:10E5A00081116CC78EE190E0909388098093870970
:10E5B00087EA90E090938A0980938909D0928E0926
:10E5C000C0928D09D0928C09C0928B0982E0809311
:10E5D0008F09809390098FE397E00E94864680918F
:10E5E000450881110C94037B8EE190E0909388099B
:10E5F0008093870983EC90E090938A09809389093E
:10E60000D0928E09C0928D09D0928C09C0928B094C
:10E6100082E080938F09809390098FE397E00E94B6
:10E6200086468090320890903308A0903408B090CD
:10E63000350820E030E040E85FE3C501B4010E9406
:10E640003484181614F00C94C97B20E030E0A90142
:10E65000C501B4010E9420832B013C01812C912C27
:10E6600080E8A82E8FE3B82E80912E0890912F0875
:10E67000A0913008B09131088F839887A987BA8715
:10E6800020E030E040E85FE3BC01CD010E9434842B
:10E690001816A4F42F81388549855A85C301B20123
:10E6A0000E9420832B013C0120E030E040E85FE342
:10E6B000C501B4010E9420834B015C0180912A08AE
:10E6C00090912B08A0912C08B0912D088F839887EA
:10E6D000A987BA8720E030E040E85FE3BC01CD01C4
:10E6E0000E9434841816A4F42F81388549855A85F0
:10E6F000C301B2010E9420832B013C0120E030E0E5
:10E7000040E85FE3C501B4010E9420834B015C0136
:10E7100020E030E0A901C501B4010E94348418163C
:10E7200014F00C94D07BA5019401C301B2010E94A6
:10E730008C834B015C014090260850902708609024
:10E7400028087090290820E030E040E85FE3C3012A
:10E75000B2010E9420836F83788789879A87A501F9
:10E7600094010E94348487FF02C00C94D57B20E082
:10E7700030E040E85FE3C301B2010E941F839B01C8
:10E78000AC01C501B4010E94348487FF02C00C941F
:10E79000D57B60E577E085E199E00E942B58809178
:10E7A0003C0890913D081816190624F410923B0875
:10E7B00010923A0810923D0810923C08809022086E
:10E7C00090902308A0902408B09025086091130928
:10E7D00070911409072E000C880B990B0E94C281BE
:10E7E000A50194010E94348468E777E018160CF4C0
:10E7F00042C06091110970911209072E000C880B1C
:10E80000990B0E94C2819B01AC01C501B4010E9419
:10E81000348464E877E0181674F180901E089090B4
:10E820001F08A0902008B090210860910F097091F6
:10E830001009072E000C880B990B0E94C281A501BC
:10E8400094010E94348460E977E01816A4F0609186
:10E850000D0970910E09072E000C880B990B0E9470
:10E86000C2819B01AC01C501B4010E943484181619
:10E8700054F46CE977E085E199E00E942B581092FE
:10E880003D0810923C0812E010938F0910939009F4
:10E89000809185099091860980559109A5E0B0E0A5
:10E8A000B0938809A093870990938A098093890976
:10E8B0008FE090E090938E0980938D0990938C095E
:10E8C00080938B0988EA97E00E94864680918509AB
:10E8D00090918609C79725E030E03093880920930E
:10E8E000870990938A098093890980E098EF909333
:10E8F0008E0980938D0990938C0980938B0985E113
:10E9000099E00E947C2C80913C0890913D08892BD5
:10E9100009F04CC060E086E20E941A2A61E088E2B9
:10E920000E941A2A609185097091860968557109BB
:10E93000809183099091840920E038EF45E550E00B
:10E940008A5591090E9429418091850990918609F3
:10E95000825591092091830930918409215431090C
:10E96000309388092093870990938A0980938909B5
:10E9700030928E0920928D0930928C0920928B0959
:10E9800010938F09109390098CE297E00E9434460F
:10E9900060E08AE20E941A2A61E08CE20E941A2A50
:10E9A00064E670E080E090E00E941C2C80913C08BE
:10E9B00090913D08019709F053C08091450881303E
:10E9C00009F04EC080913A0890913B0861E0889729
:10E9D0000CF04AC786E20E941A2A61E088E20E948F
:10E9E0001A2A60918509709186096855710980918C
:10E9F00083099091840920EE37E045E550E08A557F
:10EA000091090E942941809185099091860982553A
:10EA1000910920918309309184092154310930935F
:10EA200088092093870990938A0980938909109215
:10EA30008E0910928D0910928C0910928B0982E038
:10EA400080938F09809390098CE297E00E9434466E
:10EA500060E08AE20E941A2A61E08CE20E941A2A8F
:10EA600080913C0890913D08029709F053C0809135
:10EA70004508813009F04EC080913A0890913B08DA
:10EA800061E088970CF03DC786E20E941A2A61E097
:10EA900088E20E941A2A609185097091860968555A
:10EAA0007109809183099091840920EE37E045E552
:10EAB00050E08A5591090E942941809185099091E1
:10EAC0008609825591092091830930918409215446
:10EAD0003109309388092093870990938A0980939C
:10EAE000890910928E0910928D0910928C0910924A
:10EAF0008B0982E080938F09809390098CE297E0E4
:10EB00000E94344660E08AE20E941A2A61E08CE2A8
:10EB10000E941A2A80913C0890913D08039709F0C1
:10EB200051C060E086E20E941A2A61E088E20E94F9
:10EB30001A2A60918509709186096855710980913A
:10EB400083099091840920E038EF45E550E08A552B
:10EB500091090E94294180918509909186098255E9
:10EB6000910920918309309184092154310930930E
:10EB700088092093870990938A09809389091092C4
:10EB80008E0910928D0910928C0910928B0982E0E7
:10EB900080938F09809390098CE297E00E9434461D
:10EBA00060E08AE20E941A2A61E08CE20E941A2A3E
:10EBB00010923B0810923A0864E670E080E090E022
:10EBC0000E941C2C80913A0890913B080196893E46
:10EBD00033E093070CF0E2C690933B0880933A0829
:10EBE0000E945C438091430890914408893C9105C0
:10EBF000ECF080913E0890913F088F5E9240853402
:10EC00009105A0F4809100028F5F893108F0C9C698
:10EC1000809300026091000288E790E00E94E78202
:10EC20000E948C641092440810924308809143081B
:10EC300090914408893C91057CF080913E08909128
:10EC40003F088533934044F00E94C9490E94E25333
:10EC50001092440810924308809143089091440810
:10EC6000893C91050CF4CAC68091400890914108F6
:10EC70008B3892400CF4C2C680913E0890913F08B8
:10EC8000883C91050CF0BAC60E948846B12CA12C94
:10EC90000E945C4368EE73E080E090E00E941C2CD0
:10ECA00080914308909144082FEFA21AB20A893C40
:10ECB00091053CF180914008909141088D3BB2E074
:10ECC0009B070CF070C68E309140CCF480913E08CA
:10ECD00090913F08875792408336910580F485E6EE
:10ECE00090E00E94DF82833350F085E690E00E943E
:10ECF000DF826FEF680F85E690E00E94CE53B12C63
:10ED0000A12C8091430890914408893C910514F10D
:10ED10008091400890914108875891408D36910527
:10ED2000C8F480913E0890913F08875792408336FF
:10ED3000910580F485E690E00E94DF82863950F4E8
:10ED400085E690E00E94DF8261E0680F85E690E052
:10ED50000E94CE538091430890914408893C9105CC
:10ED600014F1809140089091410887579240833672
:10ED70009105C8F480913E0890913F0887579240D2
:10ED80008336910580F48AE690E00E94DF82833327
:10ED900050F08AE690E00E94DF826FEF680F8AE60B
:10EDA00090E00E94CE538091430890914408893CA2
:10EDB000910504F180914008909141088F33934070
:10EDC000CCF080913E0890913F088757924083365F
:10EDD000910580F48AE690E00E94DF82863950F443
:10EDE0008AE690E00E94DF8261E0680F8AE690E0A8
:10EDF0000E94CE538091430890914408893C91052C
:10EE000004F180914008909141088E309140CCF4FB
:10EE100080913E0890913F088F5F91408534910525
:10EE200080F486E690E00E94DF82833350F086E62D
:10EE300090E00E94DF826FEF680F86E690E00E940C
:10EE4000CE538091430890914408893C910514F178
:10EE50008091400890914108875891408D369105E6
:10EE6000C8F480913E0890913F088F5F91408534AF
:10EE7000910580F486E690E00E94DF82863950F4A6
:10EE800086E690E00E94DF8261E0680F86E690E00F
:10EE90000E94CE538091430890914408893C91058B
:10EEA00014F1809140089091410887579240833631
:10EEB0009105C8F480913E0890913F088F5F914082
:10EEC0008534910580F48BE690E00E94DF828333E5
:10EED00050F08BE690E00E94DF826FEF680F8BE6C8
:10EEE00090E00E94CE538091430890914408893C61
:10EEF000910504F180914008909141088F3393402F
:10EF0000CCF080913E0890913F088F5F914085340E
:10EF1000910580F48BE690E00E94DF82863950F400
:10EF20008BE690E00E94DF8261E0680F8BE690E064
:10EF30000E94CE538091430890914408893C9105EA
:10EF4000FCF080914008909141088E309140C4F4CB
:10EF500080913E0890913F0883579140CB9780F471
:10EF600087E690E00E94DF82833350F087E690E0EE
:10EF70000E94DF826FEF680F87E690E00E94CE5319
:10EF80008091430890914408893C91050CF180914F
:10EF9000400890914108875891408D369105C0F402
:10EFA00080913E0890913F0883579140CB9780F421
:10EFB00087E690E00E94DF82863950F487E690E091
:10EFC0000E94DF8261E0680F87E690E00E94CE53E6
:10EFD0008091430890914408893C91050CF18091FF
:10EFE0004008909141088757924083369105C0F4BC
:10EFF00080913E0890913F0883579140CB9780F4D1
:10F000008CE690E00E94DF82833350F08CE690E043
:10F010000E94DF826FEF680F8CE690E00E94CE5373
:10F020008091430890914408893C9105FCF08091BF
:10F030004008909141088F339340C4F080913E087E
:10F0400090913F0883579140CB9780F48CE690E0F5
:10F050000E94DF82863950F48CE690E00E94DF82C5
:10F0600061E0680F8CE690E00E94CE5380914308E7
:10F0700090914408893C9105FCF080914008909162
:10F0800041088E309140C4F480913E0890913F0831
:10F090008B5F9109C19780F488E690E00E94DF823F
:10F0A000833350F088E690E00E94DF826FEF680FB4
:10F0B00088E690E00E94CE538091430890914408E6
:10F0C000893C91050CF18091400890914108875846
:10F0D00091408D369105C0F480913E0890913F0893
:10F0E0008B5F9109C19780F488E690E00E94DF82EF
:10F0F000863950F488E690E00E94DF8261E0680F74
:10F1000088E690E00E94CE53809143089091440895
:10F11000893C91050CF180914008909141088757F6
:10F12000924083369105C0F480913E0890913F084B
:10F130008B5F9109C19780F48DE690E00E94DF8299
:10F14000833350F08DE690E00E94DF826FEF680F0E
:10F150008DE690E00E94CE53809143089091440840
:10F16000893C9105FCF080914008909141088F33D3
:10F170009340C4F080913E0890913F088B5F9109C5
:10F18000C19780F48DE690E00E94DF82863950F4CA
:10F190008DE690E00E94DF8261E0680F8DE690E0EE
:10F1A0000E94CE538091430890914408893C910578
:10F1B000C4F18091400890914108803991408CF5CC
:10F1C00080913E0890913F08843B910554F564E698
:10F1D00085E690E00E94E78264E686E690E00E9481
:10F1E000E78264E687E690E00E94E78264E688E6CC
:10F1F00090E00E94E78264E68AE690E00E94E7825F
:10F2000064E68BE690E00E94E78264E68CE690E09C
:10F210000E94E78264E68DE690E00E94E7820E9409
:10F220006D530E94884686E0A816B10409F030CDDF
:10F23000E1C310921E0810921F081092200810922D
:10F2400021081092F6070C94CC6C1092F7071092DC
:10F25000F8071092F9071092FA07109203080C941D
:10F260003F6D109204081092050810920608109243
:10F270000708109210080C94B26D109211081092A9
:10F280001208109213081092140810921D080C9482
:10F29000256E0E9444616091D0077091D1071616C7
:10F2A000170614F00C94AC6E072E000C880B990B0B
:10F2B0000E94C28120E030E048EC52E40E948C833E
:10F2C0006093260870932708809328089093290854
:10F2D0000C94B86E0E9444616091D0077091D10780
:10F2E0001616170614F00C94096F072E000C880BE5
:10F2F000990B0E94C28120E030E048EC52E40E9469
:10F300008C83609332087093330880933408909311
:10F3100035080C94156F0E9444616091D00770917C
:10F32000D1071616170614F00C94666F072E000C02
:10F33000880B990B0E94C28120E030E048EC52E437
:10F340000E948C8360932E0870932F08809330085E
:10F35000909331080C94726F0E9444616091D007C1
:10F360007091D1071616170614F00C94C36F072E70
:10F37000000C880B990B0E94C28120E030E048EC21
:10F3800052E40E948C8360932A0870932B08809328
:10F390002C0890932D080C94CF6FB501A401CE01D9
:10F3A00001960E943558CE0101960E947C2CCE0118
:10F3B00001960E947A5285EA92E00C94E271609183
:10F3C000F2077091F3078091F4079091F50750E0F0
:10F3D00040E00E94B65182E595E026C881E0809326
:10F3E0008F098093900984E797E00E94864684EB1A
:10F3F00090E0909388098093870984E690E0909349
:10F400008A098093890984E797E037C8B501A40188
:10F41000CE0101960E943558CE0101960E947C2CA7
:10F42000CE0101960E947A5285EA92E05AC8609114
:10F43000FB077091FC078091FD079091FE0750E05B
:10F4400040E00E94B65182E595E07DC881E080935E
:10F450008F098093900984E797E00E94864684EBA9
:10F4600090E09093880980938709A5E8B0E0B09375
:10F470008A09A093890984E797E08EC88EE190E01D
:10F48000909388098093870987EA90E090938A098E
:10F4900080938909D0928E09C0928D09D0928C09EF
:10F4A000C0928B0982E080938F09809390098090AD
:10F4B0002E0890902F08A0903008B090310820E0DE
:10F4C00030E040E85FEBC501B4010E94BB818111CF
:10F4D00063C081E080938F098093900980E397E077
:10F4E0000E94864682E890E090938809809387097D
:10F4F00007EA10E010938A0900938909D0928E09D7
:10F50000C0928D09D0928C09C0928B0982E08093C1
:10F510008F098093900980911008882309F45CC0BA
:10F5200080914208811149C060910C0870910D08CA
:10F5300080910E0890910F0850E040E00E94B65173
:10F540008DE397E00E94864684EB90E090938809D3
:10F550008093870987EA90E090938A0980938909CC
:10F56000D0928E09C0928D09D0928C09C0928B09DD
:10F5700082E080938F0980939009609104087091D4
:10F580000508809106089091070850E040E00E942D
:10F59000B65185EA92E021C8B501A401CE010196D9
:10F5A0000E943558CE0101960E947C2CCE01019616
:10F5B0000E947A5285EA92E093CF60910808709198
:10F5C000090880910A0890910B0850E040E00E94E1
:10F5D000B65182E595E0B6CF81E080938F098093A4
:10F5E000900984E797E00E94864684EB90E0909330
:10F5F00088098093870910938A090093890984E711
:10F6000097E00C94ED728EE190E0909388098093DE
:10F61000870983EC90E090938A0980938909D092BE
:10F620008E09C0928D09D0928C09C0928B0982E01C
:10F6300080938F098093900980902A0890902B08DE
:10F64000A0902C08B0902D0820E030E040E85FEB5F
:10F65000C501B4010E94BB81811164C081E0809327
:10F660008F098093900980E397E00E94864682E8A4
:10F6700090E0909388098093870903EC10E0109341
:10F680008A0900938909D0928E09C0928D09D0927F
:10F690008C09C0928B0982E080938F098093900936
:10F6A00080911D08882309F45DC080914208811172
:10F6B0004AC06091190870911A0880911B089091B6
:10F6C0001C0850E040E00E94B6518DE397E00E9494
:10F6D000864684EB90E0909388098093870983ECB9
:10F6E00090E090938A0980938909D0928E09C09204
:10F6F0008D09D0928C09C0928B0982E080938F098A
:10F7000080939009609111087091120880911308FC
:10F710009091140850E040E00E94B65185EA92E0D2
:10F720000C940F73B501A401CE0101960E943558C7
:10F73000CE0101960E947C2CCE0101960E947A5245
:10F7400085EA92E092CF6091150870911608809139
:10F7500017089091180850E040E00E94B65182E5E9
:10F7600095E0B5CF81E080938F098093900984E77D
:10F7700097E00E94864684EB90E0909388098093FE
:10F78000870910938A090093890984E797E00C940C
:10F790000F73412C512C3201530142010C943473EC
:10F7A000812C912C54010C949B73A50194016F81C1
:10F7B000788589859A850E94BB8187FF1EC06BE58D
:10F7C00077E085E199E00E942B582091360830912E
:10F7D00037084091380850913908C501B4010E949A
:10F7E000BB8187FF02C00C94DA7381E090E09093B4
:10F7F0003D0880933C080C94DE7320E030E040E844
:10F800005FE3C301B2010E941F839B01AC01C501EC
:10F81000B4010E94BB8187FF23C020E030E040E8B4
:10F820005FE3C501B4010E9434841816CCF464E689
:10F8300077E085E199E00E942B58209136083091BD
:10F8400037084091380850913908C501B4010E9429
:10F850003484181614F40C94DA7382E090E0C7CF65
:10F860006FE677E00C94CB7386E20E941A2A60E080
:10F8700088E20E941A2A609185097091860968556C
:10F880007109809183099091840920EE37E045E564
:10F8900050E08A5591090E942941809185099091F3
:10F8A0008609825591092091830930918409215458
:10F8B0003109309388092093870990938A098093AE
:10F8C000890910928E0910928D0910928C0910925C
:10F8D0008B0982E080938F09809390098CE297E0F6
:10F8E0000E94344661E08AE20E941A2A60E08CE2BB
:10F8F0000E941A2A64E670E080E090E00E941C2CCE
:10F90000AFC886E20E941A2A60E088E20E941A2AA2
:10F910006091850970918609685571098091830904
:10F920009091840920EE37E045E550E08A55910931
:10F930000E942941809185099091860982559109FB
:10F940002091830930918409215431093093880929
:10F950002093870990938A098093890910928E09D0
:10F9600010928D0910928C0910928B0982E080937D
:10F970008F09809390098CE297E00E94344661E001
:10F980008AE20E941A2A60E08CE20E941A2A64E647
:10F9900070E080E090E00E941C2CBCC882E390E004
:10F9A0001BC981E035C980913E0890913F08843B96
:10F9B00091050CF0A4C98FE090E0909388098093A2
:10F9C000870986E990E090938A098093890980E00D
:10F9D00098EF90938E0980938D0990938C09809372
:10F9E0008B0982E080938F098093900989EB93E0E3
:10F9F0000E94864610924408109243088091430862
:10FA000090914408893C91050CF4F1C18091400823
:10FA1000909141088B3892400CF4E9C180913E08E6
:10FA200090913F088D5D9109CB9708F0E0C10E944D
:10FA3000964FB12CA12C0E945C4368EE73E080E0ED
:10FA400090E00E941C2C8091430890914408BFEFE5
:10FA5000AB1ABB0A893C91055CF1809140089091FA
:10FA600041088D3B22E092070CF096C187579240E7
:10FA700083369105D8F480913E0890913F088757CE
:10FA800092408336910590F4809113099091140966
:10FA90008A3191052CF001979093140980931309F2
:10FAA0006091130982E890E00E94E782B12CA12CBA
:10FAB0008091430890914408893C910514F180910C
:10FAC0004008909141088F339340DCF080913E08CC
:10FAD00090913F08875792408336910590F480912A
:10FAE000130990911409863491052CF40196909392
:10FAF0001409809313096091130982E890E00E9431
:10FB0000E7828091430890914408893C910524F153
:10FB10008091400890914108875792408336910523
:10FB2000D8F480913E0890913F088F5F91408534D2
:10FB3000910590F4809111099091120989329105F3
:10FB40002CF001979093120980931109609111098B
:10FB500083E890E00E94E7828091430890914408F6
:10FB6000893C910514F180914008909141088F33B0
:10FB70009340DCF080913E0890913F088F5F914068
:10FB80008534910590F480911109909112098A357C
:10FB900091052CF4019690931209809311096091BC
:10FBA000110983E890E00E94E782809143089091D8
:10FBB0004408893C91051CF18091400890914108CE
:10FBC0008757924083369105D0F480913E089091FA
:10FBD0003F0883579140CB9790F480910F09909103
:10FBE00010098B3091052CF00197909310098093A8
:10FBF0000F0960910F0984E890E00E94E7828091EC
:10FC0000430890914408893C91050CF1809140088B
:10FC1000909141088F339340D4F080913E089091A9
:10FC20003F0883579140CB9790F480910F099091B2
:10FC30001009803591052CF401969093100980935A
:10FC40000F0960910F0984E890E00E94E78280919B
:10FC5000430890914408893C91051CF1809140082B
:10FC6000909141088757924083369105D0F4809156
:10FC70003E0890913F088B5F9109C19790F4809165
:10FC80000D0990910E09853191052CF00197909303
:10FC90000E0980930D0960910D0985E890E00E949E
:10FCA000E7828091430890914408893C91050CF1CA
:10FCB00080914008909141088F339340D4F0809117
:10FCC0003E0890913F088B5F9109C19790F4809115
:10FCD0000D0990910E09843691052CF401969093AC
:10FCE0000E0980930D0960910D0985E890E00E944E
:10FCF000E7828091430890914408893C91050CF477
:10FD0000A9C08091400890914108803991400CF041
:10FD1000A1C080913E0890913F08843B91050CF072
:10FD200099C060E282E890E00E94E78260E583E8A3
:10FD300090E00E94E7826EE184E890E00E94E78212
:10FD40006AE585E890E00E94E78282E890E00E9400
:10FD5000DF8290E0909314098093130983E890E088
:10FD60000E94DF8290E0909312098093110984E849
:10FD700090E00E94DF8290E09093100980930F0939
:10FD800085E890E00E94DF8290E090930E098093D6
:10FD90000D090E9482524BCE20913E0830913F08BF
:10FDA000243B31050CF062CE8FE090E090938809FF
:10FDB0008093870986E990E090938A098093890966
:10FDC00080E098EF90938E0980938D0990938C0931
:10FDD00080938B0982E080938F098093900989EB4F
:10FDE00093E00E9486461092440810924308809146
:10FDF000430890914408893C9105E4F080914008C3
:10FE0000909141088C3291404CF480913E08909141
:10FE10003F088639910514F40C94F36A80914208E6
:10FE2000811120C081E08093420861E08EE690E07D
:10FE30000E94E782109241081092400810923F08F9
:10FE400010923E0810924408109243080E945B2DC5
:10FE50000C94CE6A0E94964F36E0A316B10409F0C6
:10FE6000EACDC1CF813031F71092420860E0DECF99
:10FE700087E099E00E947A5285E199E00E947A52E7
:10FE800087E699E00E947A528DE699E00E947A52C4
:10FE900083E799E00C947A52EF920F931F93CF93DC
:10FEA000DF93E80134E047FD34E1042E000C550BEC
:10FEB00057FF03C0519541955109E32E022F242F7E
:10FEC000AE010E946A7FCE01DF91CF911F910F9109
:10FED000EF9008958F929F92AF92BF92CF92DF9250
:10FEE000EF92FF920F931F93CF93DF9300D000D038
:10FEF00000D0CDB7DEB76A01F22EB02E102FFBE393
:10FF0000AF2EA01608F41BE31F5F012F27E0AE0100
:10FF10004F5F5F4F0E94E380BC018981982F9970E9
:10FF2000913009F44EC09BE2E1FC04C09E2D91701B
:10FF3000E0FC49C05E2D5071E82FE87083FF55C08A
:10FF400084E0911101C083E0EF2DE81B8F1508F0CC
:10FF5000E0E0D6018E2F20E25523C9F1992329F044
:10FF6000D6019C93C60101966C0196012D5F3F4F0F
:10FF7000E2FE33C08EE4D6018C9391E411969C93FB
:10FF8000119712968C93D9018E2F90E281112AC07D
:10FF9000E20FF32FF11D10828EEF9FEF29960FB61F
:10FFA000F894DEBF0FBECDBFDF91CF911F910F91AF
:10FFB000FF90EF90DF90CF90BF90AF909F908F9089
:10FFC00008959DE2B7CF90E2B5CF2D938150811176
:10FFD000FCCFCE0ED11CE0E0C1CF8EE6D6018C93D3
:10FFE00091E6CCCF9D938150D1CF482F447082FFB2
:10FFF0003DC084E0911101C083E08F1510F4EF2D16
:020000021000EC
:10000000E81BD6018E2F20E2552309F1992329F010
:10001000D6019C93C60101966C0196012D5F3F4F5E
:10002000E2FE1BC089E4D6018C938EE411968C937A
:10003000119786E412968C93D9018E2F90E2882333
:1000400009F4A6CF9D938150FACF2D938150811151
:10005000FCCFCE0ED11CE0E0D9CF89E6D6018C933F
:100060008EE611968C93119786E6E4CF9B0177FF7D
:1000700002C030E020E0A1E0B0E0911102C0B0E0A9
:10008000A0E0F9013196AE0FBF1F8B2C912CBB2045
:1000900009F461C05401EFEFAE1ABE0AAA0DBB1DF0
:1000A000FA161B0619F014F04F2D4A1B511188C087
:1000B000E3FC59C07601A42FB0E2A1114FC0C40ED9
:1000C000D11C992309F45BC040E0D6011196F601DA
:1000D00090836D01552309F448C0012F060F9A81C2
:1000E000582F507184FF03C0913309F4015010164A
:1000F0000CF047C0093008F008E0EEE2FE2E5B018C
:10010000A01AB10885019194819491082F3F32077C
:1001100029F4D601FC92F60131966F01621773073C
:1001200094F1021713077CF5DB01A21BB30BAA2481
:10013000A394B12CAC0EBD1EAA0DBB1D11968C91C3
:1001400021503109D601119628153905F4F0F60130
:1001500080836D01DBCFB12CA12CA0CFF701B1932F
:100160007F01A150AACF9111B0CFD601942F50E3B7
:1001700002C05D9391509111FCCFC40ED11C40E0A0
:10018000ACCF01E0BACF80E3DBCF6217730731F465
:10019000963388F4953311F4552369F0F601808382
:1001A000FD01842F90E2811108C0A40FB11D1C92A3
:1001B00090E080E0F3CE81E3F1CF91938150F3CFD3
:1001C000911183CF8ACF283008F027E03327DA0156
:1001D000990F311D87FD916000966105710539F415
:1001E00032602E5F3D9330E32A95E1F708959F3FFB
:1001F00030F080387105610509F03C5F3C5F3D934C
:10020000913008F08068911DDF93CF931F930F9377
:10021000FF92EF92192F987F9695E92F96959695D4
:10022000E90FFF27E05DFC4F99273327EE24FF24D9
:10023000A701E70105900894079428F4360FE71EFC
:10024000F81E491F511D660F771F881F991F0694BE
:10025000A1F70590079428F4E70EF81E491F561FD2
:10026000C11D770F881F991F661F0694A1F705907F
:10027000079428F4F80E491F561FC71FD11D880F79
:10028000991F661F771F0694A1F70590079420F425
:10029000490F561FC71FD81F990F661F771F881F4A
:1002A0000694A9F784911095177041F0D695C795DB
:1002B00057954795F794E7941A95C1F7E6EDF2E064
:1002C00068941590159135916591959105907FE20F
:1002D0007395E118F10A430B560BC90BD009C0F70F
:1002E000E10CF11E431F561FC91FD01D7EF4703351
:1002F00011F48A95E6CFE894015030F0080F0AF423
:100300000027021708F4202F2395022F7A3328F0B4
:1003100079E37D932A95E9F710C07D932A9589F6B4
:10032000069497956795379517951794E118F10AF4
:10033000430B560BC90BD00998F023957E9173950A
:100340007A3308F070E37C932013B8F77E917061E4
:100350007D9330F0839571E37D9370E32A95E1F707
:100360001124EF90FF900F911F91CF91DF9199276A
:1003700087FD909508950E94FD8108F481E008951D
:10038000E89409C097FB3EF490958095709561952F
:100390007F4F8F4F9F4F9923A9F0F92F96E9BB27E5
:1003A0009395F695879577956795B795F111F8CF61
:1003B000FAF4BB0F11F460FF1BC06F5F7F4F8F4FCC
:1003C0009F4F16C0882311F096E911C0772321F0C2
:1003D0009EE8872F762F05C0662371F096E8862F5A
:1003E00070E060E02AF09A95660F771F881FDAF7B1
:1003F000880F9695879597F90895990F0008550FDE
:10040000AA0BE0E8FEEF16161706E807F907C0F09A
:1004100012161306E407F50798F0621B730B840BA2
:10042000950B39F40A2661F0232B242B252B21F47C
:1004300008950A2609F4A140A6958FEF811D811D1C
:1004400008950E9434820C94A5820E94978238F00D
:100450000E949E8220F0952311F00C948E820C94C1
:10046000948211240C94D9820E94B68270F3959FD5
:10047000C1F3950F50E0551F629FF001729FBB279B
:10048000F00DB11D639FAA27F00DB11DAA1F649F37
:100490006627B00DA11D661F829F2227B00DA11DEA
:1004A000621F739FB00DA11D621F839FA00D611D70
:1004B000221F749F3327A00D611D231F849F600D91
:1004C000211D822F762F6A2F11249F5750409AF0BA
:1004D000F1F088234AF0EE0FFF1FBB1F661F771F46
:1004E000881F91505040A9F79E3F510580F00C9411
:1004F0008E820C94D9825F3FE4F3983ED4F38695C4
:1005000077956795B795F795E7959F5FC1F7FE2BB0
:10051000880F911D9695879597F9089597F99F678C
:1005200080E870E060E008959FEF80EC089500247B
:100530000A941616170618060906089500240A9448
:1005400012161306140605060895092E0394000CCE
:1005500011F4882352F0BB0F40F4BF2B11F460FF5D
:1005600004C06F5F7F4F8F4F9F4F089557FD905886
:10057000440F551F59F05F3F71F04795880F97FB67
:10058000991F61F09F3F79F0879508951216130621
:100590001406551FF2CF4695F1DF08C01616170650
:1005A0001806991FF1CF8695710561050894089585
:1005B000E894BB2766277727CB0197F90895F99927
:1005C000FECF92BD81BDF89A992780B50895262F58
:1005D000F999FECF1FBA92BD81BD20BD0FB6F89428
:1005E000FA9AF99A0FBE01960895A1E21A2EAA1B53
:1005F000BB1BFD010DC0AA1FBB1FEE1FFF1FA217D3
:10060000B307E407F50720F0A21BB30BE40BF50BCF
:10061000661F771F881F991F1A9469F76095709558
:10062000809590959B01AC01BD01CF010895EE0F1F
:10063000FF1F881F8BBF0790F691E02D199450582B
:10064000BB27AA270E9437830C94A5820E94978219
:1006500038F00E949E8220F039F49F3F19F426F46E
:100660000C9494820EF4E095E7FB0C948E82E92FB3
:100670000E94B68258F3BA1762077307840795077A
:1006800020F079F4A6F50C94D8820EF4E0950B2EA8
:10069000BA2FA02D0B01B90190010C01CA01A001D4
:1006A0001124FF27591B99F0593F50F4503E68F12F
:1006B0001A16F040A22F232F342F4427585FF3CF70
:1006C000469537952795A795F0405395C9F77EF441
:1006D0001F16BA0B620B730B840BBAF09150A1F08A
:1006E000FF0FBB1F661F771F881FC2F70EC0BA0F10
:1006F000621F731F841F48F4879577956795B79598
:10070000F7959E3F08F0B0CF9395880F08F0992792
:10071000EE0F9795879508950E94A0830C94A5826B
:100720000E949E8258F00E94978240F029F45F3F19
:1007300029F00C948E8251110C94D9820C949482DD
:100740000E94B68268F39923B1F3552391F3951B68
:10075000550BBB27AA2762177307840738F09F5FE2
:100760005F4F220F331F441FAA1FA9F335D00E2E4F
:100770003AF0E0E832D091505040E695001CCAF7BC
:100780002BD0FE2F29D0660F771F881FBB1F26177F
:1007900037074807AB07B0E809F0BB0B802DBF0156
:1007A000FF2793585F4F3AF09E3F510578F00C9425
:1007B0008E820C94D9825F3FE4F3983ED4F3869501
:1007C00077956795B795F7959F5FC9F7880F911D46
:1007D0009695879597F90895E1E0660F771F881F32
:1007E000BB1F621773078407BA0720F0621B730BE5
:1007F000840BBA0BEE1F88F7E09508950E940584DC
:100800006894B1110C94D98208950E94BE8288F038
:100810009F5798F0B92F9927B751B0F0E1F0660FC4
:10082000771F881F991F1AF0BA95C9F714C0B13005
:1008300091F00E94D882B1E008950C94D882672F7D
:10084000782F8827B85F39F0B93FCCF38695779534
:100850006795B395D9F73EF490958095709561951D
:100860007F4F8F4F9F4F08950E94FD8108F48FEFB7
:10087000089516F00C9418850C94948268940C9446
:100880008E820E94BE82A8F39923C1F3AEF3DF9358
:10089000CF931F930F93FF92C92FDD2788232AF050
:1008A0002197660F771F881FDAF720E030E040E8D5
:1008B0005FEB9FE3883920F0803E38F021968F77F8
:1008C0000E942083E4EEF0E004C00E942083E1E176
:1008D000F1E00E9426858B01BE01EC01FB2E6F57D3
:1008E00071097595771F880B990B0E94C28128E1C9
:1008F00032E741E35FE30E943482AF2D9801AE01FD
:10090000FF900F911F91CF91DF910E9437830C943C
:10091000A582FA01EE0FFF1F309621053105A1F1E6
:100920006115710561F48038BFE39B0749F1689454
:100930009038810561F08038BFEF9B0741F0992323
:100940004AF5FF3FE1053105210519F1E8940894C6
:10095000E795D901AA2329F4AB2FBE2FF85FD0F376
:1009600010C0FF5F70F4A695E0F7F73950F019F06A
:10097000FF3A38F49F779F930DD00F9007FC905863
:10098000089546F00C94948260E070E080E89FE364
:1009900008954FE79F775F934F933F932F930E9464
:1009A00041842F913F914F915F910E9421820C943D
:1009B000E6840E94FD81880B990B089529F416F0B6
:1009C0000C948E820C94D8820C9494820E94BE82E5
:1009D000A8F39638A0F707F80F92E8942BE33AEAC9
:1009E00048EB5FE70E9437820F920F920F924DB74C
:1009F0005EB70F920E948F85EEE3F1E00E9426859C
:100A00004F915F91EF91FF91E595EE1FFF1F49F028
:100A1000FE57E0684427EE0F441FFA95E1F7419531
:100A2000550B0E9459850F9007FE0C944D85089533
:100A30009F3F31F0915020F4879577956795B79552
:100A4000880F911D9695879597F90895DF93CF9319
:100A50001F930F93FF92EF92DF927B018C016894BA
:100A600006C0DA2EEF010E943482FE01E894A591BF
:100A70002591359145915591A6F3EF010E94378359
:100A8000FE019701A801DA9469F7DF90EF90FF90DB
:100A90000F911F91CF91DF9108959B01AC0160E010
:100AA00070E080E89FE30C948C830C948E820C940D
:100AB00018850E94BE82D8F39923C9F3940F511D63
:100AC000A3F39150504094F059F0882332F0660F10
:100AD000771F881F91505040C1F79E3F51052CF75A
:100AE000880F911D9695879597F908955F3FACF013
:100AF000983E9CF0BB27869577956795B79508F447
:100B0000B1609395C1F7BB0F58F711F460FFE8CFC0
:100B10006F5F7F4F8F4F9F4FE3CF0C94D982FA01C5
:100B2000DC01AA0FBB1F9B01AC01BF5728F4222791
:100B300033274427507820C0B75190F4AB2F0024BE
:100B4000469537952795011CA395D2F3002071F0A7
:100B5000220F331F441FB395DAF30ED00C941F837A
:100B600061307105A0E88A07B94630F49B01AC01F9
:100B70006627772788279078309621F02083318365
:100B80004283538308950F931F93CF93DF93823053
:100B9000910510F482E090E0E091B209F091B30980
:100BA00030E020E0B0E0A0E0309799F42115310565
:100BB00009F44AC0281B390B24303105D8F58A8145
:100BC0009B816115710589F1FB0193838283FE018D
:100BD00011C0408151810281138148175907E0F00B
:100BE0004817590799F4109761F012960C931297D1
:100BF00013961C933296CF01DF91CF911F910F91E5
:100C000008950093B2091093B309F4CF211531056B
:100C100051F04217530738F0A901DB019A01BD01D9
:100C2000DF01F801C1CFEF01F9CF9093B3098093B1
:100C3000B209CDCFFE01E20FF31F819391932250B1
:100C4000310939832883D7CF2091B0093091B10978
:100C5000232B41F420910302309104023093B10917
:100C60002093B00920910102309102022115310533
:100C700041F42DB73EB74091050250910602241B66
:100C8000350BE091B009F091B109E217F307A0F438
:100C90002E1B3F0B2817390778F0AC014E5F5F4FD2
:100CA0002417350748F04E0F5F1F5093B10940934A
:100CB000B009819391939FCFF0E0E0E09CCFCF9378
:100CC000DF930097E9F0FC01329713821282A09122
:100CD000B209B091B309ED0130E020E01097A1F422
:100CE00020813181820F931F2091B0093091B10989
:100CF0002817390709F061C0F093B109E093B009F2
:100D0000DF91CF910895EA01CE17DF07E8F54A8118
:100D10005B819E0141155105B1F7E901FB83EA832F
:100D200049915991C40FD51FEC17FD0761F48081DB
:100D300091810296840F951FE901998388838281AE
:100D400093819B838A83F0E0E0E012968D919C91E1
:100D500013970097B9F52D913C911197CD0102960B
:100D6000820F931F2091B0093091B10928173907DC
:100D700039F6309751F51092B3091092B209B09339
:100D8000B109A093B009BCCFD383C2834081518104
:100D9000840F951FC817D90761F44E5F5F4F888194
:100DA0009981480F591F518340838A819B81938386
:100DB00082832115310509F0B0CFF093B309E09398
:100DC000B2099ECFFD01DC01C0CF13821282D7CFC2
:100DD0004F925F926F927F928F929F92AF92BF924B
:100DE000CF92DF92EF92FF920F931F93CF93DF93F7
:100DF0008C01009799F4CB01DF91CF911F910F9156
:100E0000FF90EF90DF90CF90BF90AF909F908F902A
:100E10007F906F905F904F900C94C385FC01E60F1C
:100E2000F71F9C0122503109E217F30708F4AEC006
:100E3000D901CD91DC911197C617D70720F1C530A4
:100E4000D10578F0CE0104978617970750F0C61B9E
:100E5000D70B2297C193D1936D937C93CF010E94BE
:100E60005F86C801DF91CF911F910F91FF90EF90A6
:100E7000DF90CF90BF90AF909F908F907F906F90BA
:100E80005F904F9008955B01AC1ABD0A4C018C0E27
:100E90009D1EA091B209B091B309512C412CF12CA7
:100EA000E12C109731F58091B0099091B109881526
:100EB000990509F05CC04616570608F058C08091A5
:100EC000010290910202009741F48DB79EB74091C4
:100ED000050250910602841B950BE817F90708F0EC
:100EE00055C0F093B109E093B009F90171836083B3
:100EF000B8CF8D919C91119712966C901297139682
:100F00007C901397A815B90559F56C0142E0C40E01
:100F1000D11CCA14DB0420F1AC014A195B09DA01C7
:100F20001296159780F06282738251834083D901B3
:100F30006D937C93E114F10471F0D7011396FC9347
:100F4000EE9312978ECF22968C0F9D1FF9019183FD
:100F50008083F301EFCFF093B309E093B20981CF1F
:100F60004816590608F42C017D01D3019ACFCB0114
:100F70000E94C3857C01009749F0AE01B8010E9430
:100F8000CE87C8010E945F8687016BCF10E000E02A
:100F900068CF81E090E0F8940C94DE87FB01DC01DF
:100FA00002C001900D9241505040D8F70895FB01C6
:100FB000DC0101900D920020E1F7089519E2C5E5EA
:100FC000D9E200E006C0802FFE010E94178321961F
:100FD000011DC635D10780E00807A9F7F894FFCFB7
:100FE000010000B4098000FF835700000000EE2CD0
:100FF0004F2C852C3B2DB62C942CA82C00000000E7
:10100000BB3D4F2C46434543B53789296E41384097
:1010100054404840994289291F3963346C3B494305
:101020003B35D244EC3E8D3E0D0A00506572666F32
:10103000726D696E6720526F7574696E6500536FCB
:1010400066747761726520526573657420696E00FD
:1010500061626F75742035207365636F6E64732EE3
:101060000020484D54202D2053656E736F7220531D
:101070006574757000542D626961732825292048B4
:101080002D62696173282529003300524553455468
:1010900000455849540020207777772E54686543DF
:1010A0006F6D7075746572436F6E6E6563746F7289
:1010B000732E636F6D20002D20002B002020202038
:1010C000205468616E6B20596F752100202020200C
:1010D00050524F2056657273696F6E002020202099
:1010E00020416374697661746564210043726561AF
:1010F0007465642042793A00546865436F6D707579
:10110000746572436F6E6E6563746F72732E636F76
:101110006D0020484D54202D2050524F20536574AF
:10112000757000456E746572204C6963656E7365F9
:1011300020436F646573005355424D495400484D38
:1011400054202D2042696E2046616E2053657475CF
:1011500070002020540020616E64204825204C69D6
:101160006D6974730054656D7046286D696E290051
:1011700054656D7046286D61782900204825286DDA
:10118000696E2900204825286D617829006E616EFE
:1011900000696E66006F7666004F6E65204D6F6D5C
:1011A000656E7420506C656173650020416E64202B
:1011B0006F6E207468652065696768746800202018
:1011C0006461792C20476F64206C6F6F6B656400DD
:1011D000646F776E206F6E2068697320706C616E2B
:1011E0006E65640070617261646973652C20616E64
:1011F0006420736169642C0049206E656564206118
:10120000206361726574616B65722E00202020532B
:101210006F20476F64206D6164652061002020208D
:10122000202020204641524D45522E0020202020D3
:101230002D5061756C2048617276657900536F207E
:101240007768657468657220796F752065617400D0
:10125000202020206F72206472696E6B206F7220D4
:10126000002020776861746576657220796F75203B
:10127000646F2C0020646F20697420616C6C2066A0
:101280006F722074686500202020476C6F7279208F
:101290006F6620476F642E003120436F72696E7451
:1012A0006869616E732031303A333100284E4B4A01
:1012B000562900202028556E29436F6D6D6F6E00F2
:1012C000544D0020484D5400204669726D7761727C
:1012D000652076657273696F6E3A002020202020A9
:1012E000202000202020465245452045646974692D
:1012F0006F6E0020204E4F5420464F5220524553CF
:10130000414C450020202020436F70797269676846
:10131000742C0020202054686520436F6D70757414
:101320006572002020436F6E6E6563746F72732068
:101330004C4C430020202050524F20456469746972
:101340006F6E00205669736974206F75722077651F
:101350006273697465002020206F6674656E206674
:101360006F72207468650020206C6174657374204E
:101370006669726D7761726500202620646F6375FF
:101380006D656E746174696F6E2E004241524C45FA
:10139000590043414E4F4C4100434F524E0045448B
:1013A000204245414E00464C4158004C454E544960
:1013B0004C004C454E54494C285229004F4154533F
:1013C000005065616E7574284B29005045414E559B
:1013D000542850290050454153004C47205269631E
:1013E0006500534F524748554D00534F59424541B0
:1013F0004E0053756E666C77722843290053756EE4
:10140000666C77722848290053756E666C7772286F
:101410004B290053756E666C7772284F696C2900F2
:1014200053756E666C7772285329005748454154AE
:101430002844290057484541542848290057484521
:1014400041542853290057484541542848525329AC
:10145000005748454154284852572900466C617846
:10146000004C656E74696C004C656E74696C732811
:101470005229004F617473005065616E7574285075
:10148000290050656173004C47205249434500577D
:101490006865617428482900576865617428532974
:1014A0000057686561742848525329005768656180
:1014B0007428485257290076362E32005468654306
:1014C0006F6D70757465720052656164696E672036
:1014D00053656E736F72732E2E2E00436F6D707591
:1014E00074696E672056616C7565732E2E2E004DE3
:1014F0006F697374757265002054202020204800A5
:10150000205B005D0053656E736F720046616E0074
:101510004F7574206F662052616E676500460050FB
:10152000726F2056657273696F6E204F6E6C790012
:101530002020455155414C495A450020202020206B
:1015400044525900205245485944524154450020C4
:10155000202020204E2F41002A416972543C6D69A1
:101560006E542A002A416972543E6D6178542A00F3
:101570002A416972483C6D696E482A002A416972A5
:10158000483E6D6178482A0042696E2046616E20AF
:0615900057696C6C0000BD
:00000001FF
